ticker,symbol_yf,company_name,listing_date,shares_outstanding,board,status,sector
AADI,AADI.JK,Adaro Andalan Indonesia Tbk.,05 Des 2024,7786891760,Utama,active,
AALI,AALI.JK,Astra Agro Lestari Tbk.,09 Des 1997,1924688333,Utama,active,
ABBA,ABBA.JK,Mahaka Media Tbk.,03 Apr 2002,3935892857,Pemantauan Khusus,special_monitoring,
ABDA,ABDA.JK,Asuransi Bina Dana Arta Tbk.,06 Jul 1989,620806680,Pemantauan Khusus,special_monitoring,
ABMM,ABMM.JK,ABM Investama Tbk.,06 Des 2011,2753165000,Utama,active,
ACES,ACES.JK,Aspirasi Hidup Indonesia Tbk.,06 Nov 2007,17120389700,Utama,active,
ACRO,ACRO.JK,Samcro Hyosung Adilestari Tbk.,11 Jan 2024,3469345537,Pengembangan,active,
ACST,ACST.JK,Acset Indonusa Tbk.,24 Jun 2013,17675160000,Pemantauan Khusus,special_monitoring,
ADCP,ADCP.JK,Adhi Commuter Properti Tbk.,21 Mei 2021,22222222200,Pengembangan,active,
ADES,ADES.JK,Akasha Wira International Tbk.,13 Jun 1994,589896800,Pengembangan,active,
ADHI,ADHI.JK,Adhi Karya (Persero) Tbk.,18 Mar 2004,8407608979,Utama,active,
ADMF,ADMF.JK,Adira Dinamika Multi Finance T,31 Mar 2004,1235803109,Pengembangan,active,
ADMG,ADMG.JK,Polychem Indonesia Tbk,20 Okt 1993,3889179559,Pengembangan,active,
ADMR,ADMR.JK,Alamtri Minerals Indonesia Tbk,03 Jan 2022,40882331500,Utama,active,
ADRO,ADRO.JK,Alamtri Resources Indonesia Tb,16 Jul 2008,29389689400,Utama,active,
AEGS,AEGS.JK,Anugerah Spareparts Sejahtera,11 Sep 2023,1006080721,Akselerasi,active,
AGAR,AGAR.JK,Asia Sejahtera Mina Tbk.,02 Des 2019,1000000000,Pengembangan,active,
AGII,AGII.JK,Samator Indo Gas Tbk.,28 Sep 2016,3066660000,Pengembangan,active,
AGRO,AGRO.JK,Bank Raya Indonesia Tbk.,08 Agt 2003,24493093216,Utama,active,
AGRS,AGRS.JK,Bank IBK Indonesia Tbk.,22 Des 2014,47367057874,Pengembangan,active,
AHAP,AHAP.JK,Asuransi Harta Aman Pratama Tb,14 Sep 1990,4900000000,Pengembangan,active,
AIMS,AIMS.JK,Artha Mahiya Investama Tbk.,20 Jul 2001,220000000,Pengembangan,active,
AISA,AISA.JK,FKS Food Sejahtera Tbk.,11 Jun 1997,9311800000,Utama,active,
AKKU,AKKU.JK,Anugerah Kagum Karya Utama Tbk,01 Nov 2004,6449463636,Pemantauan Khusus,special_monitoring,
AKPI,AKPI.JK,Argha Karya Prima Industry Tbk,18 Des 1992,612248000,Pengembangan,active,
AKRA,AKRA.JK,AKR Corporindo Tbk.,03 Okt 1994,20073474600,Utama,active,
AKSI,AKSI.JK,Mineral Sumberdaya Mandiri Tbk,13 Jul 2001,720000000,Pengembangan,active,
ALDO,ALDO.JK,Alkindo Naratama Tbk.,12 Jul 2011,2700713744,Pengembangan,active,
ALII,ALII.JK,Ancara Logistics Indonesia Tbk,07 Feb 2024,15825800000,Utama,active,
ALKA,ALKA.JK,Alakasa Industrindo Tbk,12 Jul 1990,507665055,Pengembangan,active,
ALMI,ALMI.JK,Alumindo Light Metal Industry,02 Jan 1997,3816000000,Pemantauan Khusus,special_monitoring,
ALTO,ALTO.JK,Tri Banyan Tirta Tbk.,10 Jul 2012,2191870558,Pemantauan Khusus,special_monitoring,
AMAG,AMAG.JK,Asuransi Multi Artha Guna Tbk.,23 Des 2005,5001552516,Pengembangan,active,
AMAN,AMAN.JK,Makmur Berkah Amanda Tbk.,13 Mar 2020,3873500000,Pengembangan,active,
AMAR,AMAR.JK,Bank Amar Indonesia Tbk.,09 Jan 2020,18197283760,Pengembangan,active,
AMFG,AMFG.JK,Asahimas Flat Glass Tbk.,08 Nov 1995,434000000,Pengembangan,active,
AMIN,AMIN.JK,Ateliers Mecaniques D Indonesi,10 Des 2015,1080000000,Pengembangan,active,
AMMN,AMMN.JK,Amman Mineral Internasional Tb,07 Jul 2023,72518217656,Utama,active,
AMMS,AMMS.JK,Agung Menjangan Mas Tbk.,04 Agt 2022,1235296802,Akselerasi,active,
AMOR,AMOR.JK,Ashmore Asset Management Indon,14 Jan 2020,2222222400,Pengembangan,active,
AMRT,AMRT.JK,Sumber Alfaria Trijaya Tbk.,15 Jan 2009,41524501700,Utama,active,
ANDI,ANDI.JK,Andira Agro Tbk.,16 Agt 2018,9350000000,Pemantauan Khusus,special_monitoring,
ANJT,ANJT.JK,Austindo Nusantara Jaya Tbk.,08 Mei 2013,3354175000,Pengembangan,active,
ANTM,ANTM.JK,Aneka Tambang Tbk.,27 Nov 1997,24030764725,Utama,active,
APEX,APEX.JK,Apexindo Pratama Duta Tbk.,05 Jun 2013,3546466661,Pengembangan,active,
APIC,APIC.JK,Pacific Strategic Financial Tb,18 Des 2002,11766313488,Pengembangan,active,
APII,APII.JK,Arita Prima Indonesia Tbk.,29 Okt 2013,1075760000,Pengembangan,active,
APLI,APLI.JK,Asiaplast Industries Tbk.,01 Mei 2000,1362671400,Pengembangan,active,
APLN,APLN.JK,Agung Podomoro Land Tbk.,11 Nov 2010,22699326779,Utama,active,
ARCI,ARCI.JK,Archi Indonesia Tbk.,28 Jun 2021,25235000000,Pengembangan,active,
AREA,AREA.JK,Dunia Virtual Online Tbk.,01 Apr 2024,2539601000,Pengembangan,active,
ARGO,ARGO.JK,Argo Pantes Tbk,07 Jan 1991,3174339029,Pengembangan,active,
ARII,ARII.JK,Atlas Resources Tbk.,08 Nov 2011,3750000000,Pengembangan,active,
ARKA,ARKA.JK,Arkha Jayanti Persada Tbk.,10 Jul 2019,2000000000,Pemantauan Khusus,special_monitoring,
ARKO,ARKO.JK,Arkora Hydro Tbk.,08 Jul 2022,2928495000,Pengembangan,active,
ARMY,ARMY.JK,Armidian Karyatama Tbk.,21 Jun 2017,9006250000,Pemantauan Khusus,special_monitoring,
ARNA,ARNA.JK,Arwana Citramulia Tbk.,17 Jul 2001,7341430976,Utama,active,
ARTA,ARTA.JK,Arthavest Tbk,05 Nov 2002,446674175,Pengembangan,active,
ARTI,ARTI.JK,Ratu Prabu Energi Tbk,30 Apr 2003,7840000000,Pemantauan Khusus,special_monitoring,
ARTO,ARTO.JK,Bank Jago Tbk.,12 Jan 2016,13722768400,Utama,active,
ASBI,ASBI.JK,Asuransi Bintang Tbk.,29 Nov 1989,348386472,Pengembangan,active,
ASDM,ASDM.JK,Asuransi Dayin Mitra Tbk.,15 Des 1989,384000000,Pengembangan,active,
ASGR,ASGR.JK,Astra Graphia Tbk.,15 Nov 1989,1348780500,Utama,active,
ASHA,ASHA.JK,Cilacap Samudera Fishing Indus,27 Mei 2022,5000000000,Pengembangan,active,
ASII,ASII.JK,Astra International Tbk.,04 Apr 1990,40483553140,Utama,active,
ASJT,ASJT.JK,Asuransi Jasa Tania Tbk.,23 Des 2003,1400000000,Pengembangan,active,
ASLC,ASLC.JK,Autopedia Sukses Lestari Tbk.,25 Jan 2022,12746354780,Pengembangan,active,
ASLI,ASLI.JK,Asri Karya Lestari Tbk.,05 Jan 2024,6250000000,Pengembangan,active,
ASMI,ASMI.JK,Asuransi Maximus Graha Persada,16 Jan 2014,8958380460,Pemantauan Khusus,special_monitoring,
ASPI,ASPI.JK,Andalan Sakti Primaindo Tbk.,17 Feb 2020,681823317,Pengembangan,active,
ASPR,ASPR.JK,Asia Pramulia Tbk.,08 Jul 2025,2712000000,Pemantauan Khusus,special_monitoring,
ASRI,ASRI.JK,Alam Sutera Realty Tbk.,18 Des 2007,19649411888,Utama,active,
ASRM,ASRM.JK,Asuransi Ramayana Tbk.,19 Mar 1990,1277992036,Pengembangan,active,
ASSA,ASSA.JK,Adi Sarana Armada Tbk.,12 Nov 2012,3691137517,Utama,active,
ATAP,ATAP.JK,Trimitra Prawara Goldland Tbk.,11 Des 2020,1250000000,Pengembangan,active,
ATIC,ATIC.JK,Anabatic Technologies Tbk.,08 Jul 2015,2315361355,Pengembangan,active,
ATLA,ATLA.JK,Atlantis Subsea Indonesia Tbk.,16 Apr 2024,6199577693,Pengembangan,active,
AUTO,AUTO.JK,Astra Otoparts Tbk.,15 Jun 1998,4819733000,Utama,active,
AVIA,AVIA.JK,Avia Avian Tbk.,08 Des 2021,61953555600,Utama,active,
AWAN,AWAN.JK,Era Digital Media Tbk.,18 Apr 2023,3435000000,Pengembangan,active,
AXIO,AXIO.JK,Tera Data Indonusa Tbk.,20 Jul 2022,5840126500,Pengembangan,active,
AYAM,AYAM.JK,Janu Putra Sejahtera Tbk.,30 Nov 2023,4000000000,Pengembangan,active,
AYLS,AYLS.JK,Agro Yasa Lestari Tbk.,12 Feb 2020,853423236,Pengembangan,active,
BABP,BABP.JK,Bank MNC Internasional Tbk.,15 Jul 2002,44014333126,Pengembangan,active,
BABY,BABY.JK,Multitrend Indo Tbk.,07 Sep 2023,2616226706,Pengembangan,active,
BACA,BACA.JK,Bank Capital Indonesia Tbk.,04 Okt 2007,19753494636,Utama,active,
BAIK,BAIK.JK,Bersama Mencapai Puncak Tbk.,15 Feb 2024,1127497572,Pengembangan,active,
BAJA,BAJA.JK,Saranacentral Bajatama Tbk.,21 Des 2011,1800000000,Pengembangan,active,
BALI,BALI.JK,Bali Towerindo Sentra Tbk.,13 Mar 2014,3934592500,Utama,active,
BANK,BANK.JK,Bank Aladin Syariah Tbk.,01 Feb 2021,14793174908,Pengembangan,active,
BAPA,BAPA.JK,Bekasi Asri Pemula Tbk.,14 Jan 2008,661784520,Pengembangan,active,
BAPI,BAPI.JK,Bhakti Agung Propertindo Tbk.,16 Sep 2019,5591980103,Pemantauan Khusus,special_monitoring,
BATA,BATA.JK,Sepatu Bata Tbk.,24 Mar 1982,1300000000,Pemantauan Khusus,special_monitoring,
BATR,BATR.JK,Benteng Api Technic Tbk.,10 Jun 2024,3025037353,Pengembangan,active,
BAUT,BAUT.JK,Mitra Angkasa Sejahtera Tbk.,28 Jan 2022,4800182969,Pemantauan Khusus,special_monitoring,
BAYU,BAYU.JK,Bayu Buana Tbk,30 Okt 1989,353220780,Utama,active,
BBCA,BBCA.JK,Bank Central Asia Tbk.,31 Mei 2000,122042299500,Utama,active,
BBHI,BBHI.JK,Allo Bank Indonesia Tbk.,12 Agt 2015,21512953877,Utama,active,
BBKP,BBKP.JK,Bank KB Indonesia Tbk.,10 Jul 2006,185819884852,Pengembangan,active,
BBLD,BBLD.JK,Buana Finance Tbk.,07 Mei 1990,1645796054,Pengembangan,active,
BBMD,BBMD.JK,Bank Mestika Dharma Tbk.,08 Jul 2013,4049189100,Pengembangan,active,
BBNI,BBNI.JK,Bank Negara Indonesia (Persero,25 Nov 1996,36924339786,Utama,active,
BBRI,BBRI.JK,Bank Rakyat Indonesia (Persero,10 Nov 2003,150043411587,Utama,active,
BBRM,BBRM.JK,Pelayaran Nasional Bina Buana,09 Jan 2013,8479490328,Pengembangan,active,
BBSI,BBSI.JK,Krom Bank Indonesia Tbk.,07 Sep 2020,3637976068,Utama,active,
BBSS,BBSS.JK,Bumi Benowo Sukses Sejahtera T,15 Apr 2020,4800016020,Pengembangan,active,
BBTN,BBTN.JK,Bank Tabungan Negara (Persero),17 Des 2009,13894099969,Utama,active,
BBYB,BBYB.JK,Bank Neo Commerce Tbk.,13 Jan 2015,13216977523,Utama,active,
BCAP,BCAP.JK,MNC Kapital Indonesia Tbk.,08 Jun 2001,42618850927,Utama,active,
BCIC,BCIC.JK,Bank JTrust Indonesia Tbk.,25 Jun 1997,17926071041,Pengembangan,active,
BCIP,BCIP.JK,Bumi Citra Permai Tbk.,11 Des 2009,1429915525,Pengembangan,active,
BDKR,BDKR.JK,Berdikari Pondasi Perkasa Tbk.,03 Mar 2023,4725101522,Utama,active,
BDMN,BDMN.JK,Bank Danamon Indonesia Tbk.,06 Des 1989,9675817341,Utama,active,
BEBS,BEBS.JK,Berkah Beton Sadaya Tbk.,10 Mar 2021,45000000000,Pemantauan Khusus,special_monitoring,
BEEF,BEEF.JK,Estika Tata Tiara Tbk.,10 Jan 2019,8120249598,Pengembangan,active,
BEER,BEER.JK,Jobubu Jarum Minahasa Tbk.,06 Jan 2023,4000000000,Pengembangan,active,
BEKS,BEKS.JK,Bank Pembangunan Daerah Banten,13 Jul 2001,51351733883,Pemantauan Khusus,special_monitoring,
BELI,BELI.JK,Global Digital Niaga Tbk.,08 Nov 2022,137218985689,Ekonomi Baru,active,
BELL,BELL.JK,Trisula Textile Industries Tbk,03 Okt 2017,7250000000,Pengembangan,active,
BESS,BESS.JK,Batulicin Nusantara Maritim Tb,09 Mar 2020,3440455528,Pengembangan,active,
BEST,BEST.JK,Bekasi Fajar Industrial Estate,10 Apr 2012,9647311150,Utama,active,
BFIN,BFIN.JK,BFI Finance  Indonesia Tbk.,16 Mei 1990,15039383620,Utama,active,
BGTG,BGTG.JK,Bank Ganesha Tbk.,12 Mei 2016,23731287132,Utama,active,
BHAT,BHAT.JK,Bhakti Multi Artha Tbk.,15 Apr 2020,5000000000,Pengembangan,active,
BHIT,BHIT.JK,MNC Asia Holding Tbk.,24 Nov 1997,86068156705,Pemantauan Khusus,special_monitoring,
BIKA,BIKA.JK,Binakarya Jaya Abadi Tbk.,14 Jul 2015,592280000,Pemantauan Khusus,special_monitoring,
BIKE,BIKE.JK,Sepeda Bersama Indonesia Tbk.,21 Mar 2022,1293916404,Pengembangan,active,
BIMA,BIMA.JK,Primarindo Asia Infrastructure,30 Agt 1994,608175716,Pemantauan Khusus,special_monitoring,
BINA,BINA.JK,Bank Ina Perdana Tbk.,16 Jan 2014,6073369498,Utama,active,
BINO,BINO.JK,Perma Plasindo Tbk.,25 Nov 2021,2275316111,Pengembangan,active,
BIPI,BIPI.JK,Astrindo Nusantara Infrastrukt,11 Feb 2010,63710196917,Pengembangan,active,
BIPP,BIPP.JK,Bhuwanatala Indah Permai Tbk.,23 Okt 1995,5028669376,Pengembangan,active,
BIRD,BIRD.JK,Blue Bird Tbk.,05 Nov 2014,2502100000,Utama,active,
BISI,BISI.JK,BISI International Tbk.,28 Mei 2007,3000000000,Utama,active,
BJBR,BJBR.JK,Bank Pembangunan Daerah Jawa B,08 Jul 2010,10416229249,Utama,active,
BJTM,BJTM.JK,Bank Pembangunan Daerah Jawa T,12 Jul 2012,14865343101,Utama,active,
BKDP,BKDP.JK,Bukit Darmo Property Tbk,15 Jun 2007,7513992252,Pemantauan Khusus,special_monitoring,
BKSL,BKSL.JK,Sentul City Tbk.,28 Jul 1997,167708902705,Utama,active,
BKSW,BKSW.JK,Bank QNB Indonesia Tbk.,21 Nov 2002,34806467881,Pengembangan,active,
BLES,BLES.JK,Superior Prima Sukses Tbk.,08 Jul 2024,8890206400,Pengembangan,active,
BLOG,BLOG.JK,Trimitra Trans Persada Tbk.,10 Jul 2025,3379487200,Utama,active,
BLTA,BLTA.JK,Berlian Laju Tanker Tbk,26 Mar 1990,25940187103,Pemantauan Khusus,special_monitoring,
BLTZ,BLTZ.JK,Graha Layar Prima Tbk.,10 Apr 2014,873937142,Pemantauan Khusus,special_monitoring,
BLUE,BLUE.JK,Berkah Prima Perkasa Tbk.,08 Jul 2019,418000000,Pengembangan,active,
BMAS,BMAS.JK,Bank Maspion Indonesia Tbk.,11 Jul 2013,17921635680,Pengembangan,active,
BMBL,BMBL.JK,Lavender Bina Cendikia Tbk.,11 Jan 2023,1030080995,Akselerasi,active,
BMHS,BMHS.JK,Bundamedik Tbk.,06 Jul 2021,8603416176,Utama,active,
BMRI,BMRI.JK,Bank Mandiri (Persero) Tbk.,14 Jul 2003,92399999996,Utama,active,
BMSR,BMSR.JK,Bintang Mitra Semestaraya Tbk,29 Des 1999,1159200024,Pengembangan,active,
BMTR,BMTR.JK,Global Mediacom Tbk.,17 Jul 1995,16583997586,Utama,active,
BNBA,BNBA.JK,Bank Bumi Arta Tbk.,01 Jun 2006,3354120000,Pengembangan,active,
BNBR,BNBR.JK,Bakrie & Brothers Tbk,28 Agt 1989,173416832509,Pengembangan,active,
BNGA,BNGA.JK,Bank CIMB Niaga Tbk.,29 Nov 1989,24890783784,Utama,active,
BNII,BNII.JK,Bank Maybank Indonesia Tbk.,21 Nov 1989,75357433911,Utama,active,
BNLI,BNLI.JK,Bank Permata Tbk.,15 Jan 1990,35819545925,Utama,active,
BOAT,BOAT.JK,Newport Marine Services Tbk.,12 Nov 2024,3501680000,Pengembangan,active,
BOBA,BOBA.JK,Formosa Ingredient Factory Tbk,01 Nov 2021,1155750000,Pengembangan,active,
BOGA,BOGA.JK,Apollo Global Interactive Tbk.,19 Des 2016,3803526210,Pengembangan,active,
BOLA,BOLA.JK,Bali Bintang Sejahtera Tbk.,17 Jun 2019,6000000000,Utama,active,
BOLT,BOLT.JK,Garuda Metalindo Tbk.,07 Jul 2015,2343750000,Pengembangan,active,
BOSS,BOSS.JK,Borneo Olah Sarana Sukses Tbk.,15 Feb 2018,1400000000,Pemantauan Khusus,special_monitoring,
BPFI,BPFI.JK,Woori Finance Indonesia Tbk.,01 Jun 2009,2673995362,Pengembangan,active,
BPII,BPII.JK,Batavia Prosperindo Internasio,08 Jul 2014,9884153240,Pengembangan,active,
BPTR,BPTR.JK,Batavia Prosperindo Trans Tbk.,09 Jul 2018,3534000000,Pengembangan,active,
BRAM,BRAM.JK,Indo Kordsa Tbk.,05 Sep 1990,450056980,Pengembangan,active,
BREN,BREN.JK,Barito Renewables Energy Tbk.,09 Okt 2023,133786220000,Utama,active,
BRIS,BRIS.JK,Bank Syariah Indonesia (Perser,09 Mei 2018,45667877639,Utama,active,
BRMS,BRMS.JK,Bumi Resources Minerals Tbk.,09 Des 2010,141784040338,Utama,active,
BRNA,BRNA.JK,Berlina Tbk.,06 Nov 1989,979110000,Pengembangan,active,
BRPT,BRPT.JK,Barito Pacific Tbk.,01 Okt 1993,93747218044,Utama,active,
BRRC,BRRC.JK,Raja Roti Cemerlang Tbk.,09 Jan 2025,994603036,Pengembangan,active,
BSBK,BSBK.JK,Wulandari Bangun Laksana Tbk.,08 Nov 2022,25091882375,Pengembangan,active,
BSDE,BSDE.JK,Bumi Serpong Damai Tbk.,06 Jun 2008,21171365812,Utama,active,
BSIM,BSIM.JK,Bank Sinarmas Tbk.,13 Des 2010,19517921842,Utama,active,
BSML,BSML.JK,Bintang Samudera Mandiri Lines,16 Des 2021,1850225000,Pengembangan,active,
BSSR,BSSR.JK,Baramulti Suksessarana Tbk.,08 Nov 2012,2616500000,Pengembangan,active,
BSWD,BSWD.JK,Bank Of India Indonesia Tbk.,01 Mei 2002,3651978177,Pemantauan Khusus,special_monitoring,
BTEK,BTEK.JK,Bumi Teknokultura Unggul Tbk,14 Mei 2004,46277496376,Pemantauan Khusus,special_monitoring,
BTEL,BTEL.JK,Bakrie Telecom Tbk.,03 Feb 2006,36822665755,Pemantauan Khusus,special_monitoring,
BTON,BTON.JK,Betonjaya Manunggal Tbk.,18 Jul 2001,720000000,Pengembangan,active,
BTPN,BTPN.JK,Bank SMBC Indonesia Tbk.,12 Mar 2008,10536203690,Utama,active,
BTPS,BTPS.JK,Bank BTPN Syariah Tbk.,08 Mei 2018,7626663000,Utama,active,
BUAH,BUAH.JK,Segar Kumala Indonesia Tbk.,09 Agt 2022,2000000000,Pengembangan,active,
BUDI,BUDI.JK,Budi Starch & Sweetener Tbk.,08 Mei 1995,4498997362,Utama,active,
BUKA,BUKA.JK,Bukalapak.com Tbk.,06 Agt 2021,103167090767,Ekonomi Baru,active,
BUKK,BUKK.JK,Bukaka Teknik Utama Tbk.,29 Jun 2015,2640452000,Utama,active,
BULL,BULL.JK,Buana Lintas Lautan Tbk.,23 Mei 2011,15494436593,Pengembangan,active,
BUMI,BUMI.JK,Bumi Resources Tbk.,30 Jul 1990,371335392068,Utama,active,
BUVA,BUVA.JK,Bukit Uluwatu Villa Tbk.,12 Jul 2010,24617054642,Pengembangan,active,
BVIC,BVIC.JK,Bank Victoria International Tb,30 Jun 1999,18235266754,Utama,active,
BWPT,BWPT.JK,Eagle High Plantations Tbk.,27 Okt 2009,31525291000,Utama,active,
BYAN,BYAN.JK,Bayan Resources Tbk.,12 Agt 2008,33333335000,Utama,active,
CAKK,CAKK.JK,Cahayaputra Asa Keramik Tbk.,31 Okt 2018,1203300219,Pengembangan,active,
CAMP,CAMP.JK,Campina Ice Cream Industry Tbk,19 Des 2017,5885000000,Pengembangan,active,
CANI,CANI.JK,Capitol Nusantara Indonesia Tb,16 Jan 2014,833440000,Pemantauan Khusus,special_monitoring,
CARE,CARE.JK,Metro Healthcare Indonesia Tbk,13 Mar 2020,33250000000,Pengembangan,active,
CARS,CARS.JK,Industri dan Perdagangan Bintr,10 Apr 2017,15000000000,Utama,active,
CASA,CASA.JK,Capital Financial Indonesia Tb,19 Jul 2016,54476269803,Pengembangan,active,
CASH,CASH.JK,Cashlez Worldwide Indonesia Tb,04 Mei 2020,1431125517,Akselerasi,active,
CASS,CASS.JK,Cahaya Aero Services Tbk.,05 Des 2011,2086950000,Utama,active,
CBDK,CBDK.JK,Bangun Kosambi Sukses Tbk.,13 Jan 2025,5668944500,Utama,active,
CBMF,CBMF.JK,Cahaya Bintang Medan Tbk.,09 Apr 2020,1875000000,Pemantauan Khusus,special_monitoring,
CBPE,CBPE.JK,Citra Buana Prasida Tbk.,06 Jan 2023,1356250000,Pengembangan,active,
CBRE,CBRE.JK,Cakra Buana Resources Energi T,09 Jan 2023,4538067441,Pengembangan,active,
CBUT,CBUT.JK,Citra Borneo Utama Tbk.,08 Nov 2022,3125000000,Pengembangan,active,
CCSI,CCSI.JK,Communication Cable Systems In,18 Jun 2019,1333333331,Pengembangan,active,
CDIA,CDIA.JK,Chandra Daya Investasi Tbk.,09 Jul 2025,124829374700,Pengembangan,active,
CEKA,CEKA.JK,Wilmar Cahaya Indonesia Tbk.,09 Jul 1996,595000000,Pengembangan,active,
CENT,CENT.JK,Centratama Telekomunikasi Indo,01 Nov 2001,31183464900,Pengembangan,active,
CFIN,CFIN.JK,Clipan Finance Indonesia Tbk.,27 Agt 1990,3984520457,Utama,active,
CGAS,CGAS.JK,Citra Nusantara Gemilang Tbk.,08 Jan 2024,1771499039,Pengembangan,active,
CHEK,CHEK.JK,Diastika Biotekindo Tbk.,10 Jul 2025,4113331485,Pengembangan,active,
CHEM,CHEM.JK,Chemstar Indonesia Tbk.,08 Jul 2022,1700014594,Pengembangan,active,
CHIP,CHIP.JK,Pelita Teknologi Global Tbk.,08 Feb 2023,806000000,Akselerasi,active,
CINT,CINT.JK,Chitose Internasional Tbk.,27 Jun 2014,1000000000,Pengembangan,active,
CITA,CITA.JK,Cita Mineral Investindo Tbk.,20 Mar 2002,3960361250,Utama,active,
CITY,CITY.JK,Natura City Developments Tbk.,28 Sep 2018,5405188966,Pengembangan,active,
CLAY,CLAY.JK,Citra Putra Realty Tbk.,18 Jan 2019,2570000000,Pengembangan,active,
CLEO,CLEO.JK,Sariguna Primatirta Tbk.,05 Mei 2017,24000000000,Utama,active,
CLPI,CLPI.JK,Colorpak Indonesia Tbk.,30 Nov 2001,306338500,Pengembangan,active,
CMNP,CMNP.JK,Citra Marga Nusaphala Persada,10 Jan 1995,6696354391,Utama,active,
CMNT,CMNT.JK,Cemindo Gemilang Tbk.,08 Sep 2021,17125504000,Pengembangan,active,
CMPP,CMPP.JK,AirAsia Indonesia Tbk.,08 Des 1994,10685124441,Pemantauan Khusus,special_monitoring,
CMRY,CMRY.JK,Cisarua Mountain Dairy Tbk.,06 Des 2021,7934683000,Utama,active,
CNKO,CNKO.JK,Exploitasi Energi Indonesia Tb,20 Nov 2001,8956361206,Pemantauan Khusus,special_monitoring,
CNMA,CNMA.JK,Nusantara Sejahtera Raya Tbk.,02 Agt 2023,83345000000,Pengembangan,active,
CNTX,CNTX.JK,Century Textile Industry Tbk.,22 Mei 1979,70000000,Pemantauan Khusus,special_monitoring,
COAL,COAL.JK,Black Diamond Resources Tbk.,07 Sep 2022,6250000000,Pengembangan,active,
COCO,COCO.JK,Wahana Interfood Nusantara Tbk,20 Mar 2019,3559455924,Pengembangan,active,
COIN,COIN.JK,Indokripto Koin Semesta Tbk.,09 Jul 2025,14705882400,Pengembangan,active,
COWL,COWL.JK,Cowell Development Tbk.,19 Des 2007,4871214021,Pemantauan Khusus,special_monitoring,
CPIN,CPIN.JK,Charoen Pokphand Indonesia Tbk,18 Mar 1991,16398000000,Utama,active,
CPRI,CPRI.JK,Capri Nusa Satu Properti Tbk.,11 Apr 2019,2433379958,Pemantauan Khusus,special_monitoring,
CPRO,CPRO.JK,Central Proteina Prima Tbk.,28 Nov 2006,59572382787,Pengembangan,active,
CRAB,CRAB.JK,Toba Surimi Industries Tbk.,10 Agt 2022,1950000000,Pengembangan,active,
CRSN,CRSN.JK,Carsurin Tbk.,10 Jul 2023,2892000000,Pengembangan,active,
CSAP,CSAP.JK,Catur Sentosa Adiprana Tbk.,12 Des 2007,5683175151,Pengembangan,active,
CSIS,CSIS.JK,Cahayasakti Investindo Sukses,10 Mei 2017,1829800000,Pengembangan,active,
CSMI,CSMI.JK,Cipta Selera Murni Tbk.,09 Apr 2020,816061500,Pengembangan,active,
CSRA,CSRA.JK,Cisadane Sawit Raya Tbk.,09 Jan 2020,2050000000,Utama,active,
CTBN,CTBN.JK,Citra Tubindo Tbk.,28 Nov 1989,800371500,Pengembangan,active,
CTRA,CTRA.JK,Ciputra Development Tbk.,28 Mar 1994,18535695255,Utama,active,
CTTH,CTTH.JK,Citatah Tbk.,03 Jul 1996,1230839821,Pengembangan,active,
CUAN,CUAN.JK,Petrindo Jaya Kreasi Tbk.,08 Mar 2023,112418900000,Utama,active,
CYBR,CYBR.JK,ITSEC Asia Tbk.,08 Agt 2023,6720523197,Pengembangan,active,
DAAZ,DAAZ.JK,Daaz Bara Lestari Tbk.,11 Nov 2024,1997000000,Utama,active,
DADA,DADA.JK,Diamond Citra Propertindo Tbk.,14 Feb 2020,7431530800,Pengembangan,active,
DART,DART.JK,Duta Anggada Realty Tbk.,08 Mei 1990,3141390962,Pengembangan,active,
DATA,DATA.JK,Remala Abadi Tbk.,07 Mei 2024,1375000000,Pengembangan,active,
DAYA,DAYA.JK,Duta Intidaya Tbk.,28 Jun 2016,2420547025,Pengembangan,active,
DCII,DCII.JK,DCI Indonesia Tbk.,06 Jan 2021,2383745900,Pengembangan,active,
DEAL,DEAL.JK,Dewata Freightinternational Tb,11 Nov 2018,1146170959,Pemantauan Khusus,special_monitoring,
DEFI,DEFI.JK,Danasupra Erapacific Tbk.,06 Jul 2001,687266666,Pengembangan,active,
DEPO,DEPO.JK,Caturkarda Depo Bangunan Tbk.,25 Nov 2021,6790000000,Pengembangan,active,
DEWA,DEWA.JK,Darma Henwa Tbk,26 Sep 2007,40687434244,Utama,active,
DEWI,DEWI.JK,Dewi Shri Farmindo Tbk.,18 Jul 2022,2000000000,Pengembangan,active,
DFAM,DFAM.JK,Dafam Property Indonesia Tbk.,27 Apr 2018,1899852850,Pengembangan,active,
DGIK,DGIK.JK,Nusa Konstruksi Enjiniring Tbk,19 Des 2007,5541165000,Pengembangan,active,
DGNS,DGNS.JK,Diagnos Laboratorium Utama Tbk,15 Jan 2021,1250000000,Pengembangan,active,
DGWG,DGWG.JK,Delta Giri Wacana Tbk.,13 Jan 2025,5882353000,Utama,active,
DIGI,DIGI.JK,Arkadia Digital Media Tbk.,18 Sep 2018,1625000000,Pemantauan Khusus,special_monitoring,
DILD,DILD.JK,Intiland Development Tbk.,04 Sep 1991,10365854185,Utama,active,
DIVA,DIVA.JK,Distribusi Voucher Nusantara T,27 Nov 2018,1428571400,Pengembangan,active,
DKFT,DKFT.JK,Central Omega Resources Tbk.,21 Nov 1997,5638246600,Pengembangan,active,
DKHH,DKHH.JK,Cipta Sarana Medika Tbk.,08 Mei 2025,2550157513,Pengembangan,active,
DLTA,DLTA.JK,Delta Djakarta Tbk.,27 Feb 1984,800659050,Utama,active,
DMAS,DMAS.JK,Puradelta Lestari Tbk.,29 Mei 2015,48198111100,Utama,active,
DMMX,DMMX.JK,Digital Mediatama Maxima Tbk.,21 Okt 2019,7692307700,Pengembangan,active,
DMND,DMND.JK,Diamond Food Indonesia Tbk.,22 Jan 2020,9468359000,Pengembangan,active,
DNAR,DNAR.JK,Bank Oke Indonesia Tbk.,11 Jul 2014,16721891185,Pengembangan,active,
DNET,DNET.JK,Indoritel Makmur Internasional,11 Des 2000,14184000000,Utama,active,
DOID,DOID.JK,BUMA Internasional Grup Tbk.,15 Jun 2001,7651007132,Utama,active,
DOOH,DOOH.JK,Era Media Sejahtera Tbk.,08 Mei 2023,7738891036,Pengembangan,active,
DOSS,DOSS.JK,Global Sukses Digital Tbk.,07 Agt 2024,1725000000,Pengembangan,active,
DPNS,DPNS.JK,Duta Pertiwi Nusantara Tbk.,08 Agt 1990,331129952,Pengembangan,active,
DPUM,DPUM.JK,Dua Putra Utama Makmur Tbk.,08 Des 2015,4175000000,Pengembangan,active,
DRMA,DRMA.JK,Dharma Polimetal Tbk.,20 Des 2021,4705882300,Utama,active,
DSFI,DSFI.JK,Dharma Samudera Fishing Indust,24 Mar 2000,1857135500,Pengembangan,active,
DSNG,DSNG.JK,Dharma Satya Nusantara Tbk.,14 Jun 2013,10599842400,Utama,active,
DSSA,DSSA.JK,Dian Swastatika Sentosa Tbk,10 Des 2009,192638080000,Utama,active,
DUCK,DUCK.JK,Jaya Bersama Indo Tbk.,10 Okt 2018,1283330000,Pemantauan Khusus,special_monitoring,
DUTI,DUTI.JK,Duta Pertiwi Tbk,02 Nov 1994,1850000000,Pengembangan,active,
DVLA,DVLA.JK,Darya-Varia Laboratoria Tbk.,11 Nov 1994,1120000000,Pengembangan,active,
DWGL,DWGL.JK,Dwi Guna Laksana Tbk.,13 Des 2017,9252820991,Pengembangan,active,
DYAN,DYAN.JK,Dyandra Media International Tb,25 Mar 2013,4272964279,Pengembangan,active,
EAST,EAST.JK,Eastparc Hotel Tbk.,09 Jul 2019,4126405336,Pengembangan,active,
ECII,ECII.JK,Electronic City Indonesia Tbk.,03 Jul 2013,1334333000,Pengembangan,active,
EDGE,EDGE.JK,Indointernet Tbk.,08 Feb 2021,2020250000,Pengembangan,active,
EKAD,EKAD.JK,Ekadharma International Tbk.,14 Agt 1990,3493875000,Pengembangan,active,
ELIT,ELIT.JK,Data Sinergitama Jaya Tbk.,06 Jan 2023,2031643057,Pengembangan,active,
ELPI,ELPI.JK,Pelayaran Nasional Ekalya Purn,08 Agt 2022,7412000000,Utama,active,
ELSA,ELSA.JK,Elnusa Tbk.,06 Feb 2008,7298500000,Utama,active,
ELTY,ELTY.JK,Bakrieland Development Tbk.,30 Okt 1995,43521913019,Pemantauan Khusus,special_monitoring,
EMAS,EMAS.JK,Merdeka Gold Resources Tbk.,23 Sep 2025,14731366060,Pengembangan,active,
EMDE,EMDE.JK,Megapolitan Developments Tbk.,12 Jan 2011,3350000000,Pengembangan,active,
EMTK,EMTK.JK,Elang Mahkota Teknologi Tbk.,12 Jan 2010,61426451483,Utama,active,
ENAK,ENAK.JK,Champ Resto Indonesia Tbk.,08 Feb 2022,2166666800,Pengembangan,active,
ENRG,ENRG.JK,Energi Mega Persada Tbk.,07 Jun 2004,26346230250,Utama,active,
ENVY,ENVY.JK,Envy Technologies Indonesia Tb,08 Jul 2019,1800000000,Pemantauan Khusus,special_monitoring,
ENZO,ENZO.JK,Morenzo Abadi Perkasa Tbk.,14 Sep 2020,2162547122,Pengembangan,active,
EPAC,EPAC.JK,Megalestari Epack Sentosaraya,01 Jul 2020,3303400000,Pemantauan Khusus,special_monitoring,
EPMT,EPMT.JK,Enseval Putera Megatrading Tbk,01 Agt 1994,2708640000,Pengembangan,active,
ERAA,ERAA.JK,Erajaya Swasembada Tbk.,14 Des 2011,15950000000,Utama,active,
ERAL,ERAL.JK,Sinar Eka Selaras Tbk.,08 Agt 2023,5187500000,Utama,active,
ERTX,ERTX.JK,Eratex Djaja Tbk.,21 Agt 1990,1286539792,Pengembangan,active,
ESIP,ESIP.JK,Sinergi Inti Plastindo Tbk.,14 Nov 2019,1109953847,Pengembangan,active,
ESSA,ESSA.JK,ESSA Industries Indonesia Tbk.,01 Feb 2012,17226975700,Utama,active,
ESTA,ESTA.JK,Esta Multi Usaha Tbk.,09 Mar 2020,2425354179,Pengembangan,active,
ESTI,ESTI.JK,Ever Shine Tex Tbk.,13 Okt 1992,2015208720,Pengembangan,active,
ETWA,ETWA.JK,Eterindo Wahanatama Tbk,16 Mei 1997,4668671400,Pemantauan Khusus,special_monitoring,
EURO,EURO.JK,Estee Gold Feet Tbk.,08 Agt 2022,2548826428,Akselerasi,active,
EXCL,EXCL.JK,XLSMART Telecom Sejahtera Tbk.,29 Sep 2005,18199862451,Utama,active,
FAPA,FAPA.JK,FAP Agri Tbk.,04 Jan 2021,3629411800,Pengembangan,active,
FAST,FAST.JK,Fast Food Indonesia Tbk.,11 Mei 1993,4523610492,Pengembangan,active,
FASW,FASW.JK,Fajar Surya Wisesa Tbk.,19 Des 1994,3221255423,Pemantauan Khusus,special_monitoring,
FILM,FILM.JK,MD Entertainment Tbk.,07 Agt 2018,10887566758,Utama,active,
FIMP,FIMP.JK,Fimperkasa Utama Tbk.,09 Apr 2021,400000975,Pemantauan Khusus,special_monitoring,
FIRE,FIRE.JK,Alfa Energi Investama Tbk.,09 Jun 2017,1475363179,Pengembangan,active,
FISH,FISH.JK,FKS Multi Agro Tbk.,18 Jan 2002,4800000000,Pengembangan,active,
FITT,FITT.JK,Hotel Fitra International Tbk.,11 Jun 2019,1304272051,Pengembangan,active,
FLMC,FLMC.JK,Falmaco Nonwoven Industri Tbk.,08 Jul 2021,781250000,Akselerasi,active,
FMII,FMII.JK,Fortune Mate Indonesia Tbk,30 Jun 2000,6400000000,Pengembangan,active,
FOLK,FOLK.JK,Multi Garam Utama Tbk.,07 Agt 2023,4091357544,Pengembangan,active,
FOOD,FOOD.JK,Sentra Food Indonesia Tbk.,08 Jan 2019,650000000,Pemantauan Khusus,special_monitoring,
FORE,FORE.JK,Fore Kopi Indonesia Tbk.,14 Apr 2025,8918359270,Pengembangan,active,
FORU,FORU.JK,Fortune Indonesia Tbk,17 Jan 2002,465224000,Pengembangan,active,
FPNI,FPNI.JK,Lotte Chemical Titan Tbk.,21 Mar 2002,5566414000,Pengembangan,active,
FUJI,FUJI.JK,Fuji Finance Indonesia Tbk.,09 Jul 2019,1300000000,Pengembangan,active,
FUTR,FUTR.JK,Futura Energi Global Tbk.,27 Feb 2023,6635551959,Pengembangan,active,
FWCT,FWCT.JK,Wijaya Cahaya Timber Tbk.,01 Feb 2023,1963000000,Pengembangan,active,
GAMA,GAMA.JK,Aksara Global Development Tbk.,11 Jul 2012,10011027656,Pemantauan Khusus,special_monitoring,
GDST,GDST.JK,Gunawan Dianjaya Steel Tbk.,23 Des 2009,9242500000,Pengembangan,active,
GDYR,GDYR.JK,Goodyear Indonesia Tbk.,22 Des 1980,410000000,Pengembangan,active,
GEMA,GEMA.JK,Gema Grahasarana Tbk.,12 Agt 2002,1600000000,Pengembangan,active,
GEMS,GEMS.JK,Golden Energy Mines Tbk.,17 Nov 2011,5882353000,Utama,active,
GGRM,GGRM.JK,Gudang Garam Tbk.,27 Agt 1990,1924088000,Utama,active,
GGRP,GGRP.JK,Gunung Raja Paksi Tbk.,19 Sep 2019,12111376157,Pengembangan,active,
GHON,GHON.JK,Gihon Telekomunikasi Indonesia,09 Apr 2018,550000000,Pengembangan,active,
GIAA,GIAA.JK,Garuda Indonesia (Persero) Tbk,11 Feb 2011,407091703837,Pengembangan,active,
GJTL,GJTL.JK,Gajah Tunggal Tbk.,08 Mei 1990,3484800000,Utama,active,
GLOB,GLOB.JK,Globe Kita Terang Tbk.,10 Jul 2012,1111112000,Pemantauan Khusus,special_monitoring,
GLVA,GLVA.JK,Galva Technologies Tbk.,23 Des 2019,1500000000,Pengembangan,active,
GMFI,GMFI.JK,Garuda Maintenance Facility Ae,10 Okt 2017,124835258434,Pengembangan,active,
GMTD,GMTD.JK,Gowa Makassar Tourism Developm,11 Des 2000,1015380000,Pengembangan,active,
GOLD,GOLD.JK,Visi Telekomunikasi Infrastruk,07 Jul 2010,1277276000,Pengembangan,active,
GOLF,GOLF.JK,Intra Golflink Resorts Tbk.,08 Jul 2024,19486760000,Utama,active,
GOLL,GOLL.JK,Golden Plantation Tbk.,23 Des 2014,3665000759,Pemantauan Khusus,special_monitoring,
GOOD,GOOD.JK,Garudafood Putra Putri Jaya Tb,10 Okt 2018,36897901455,Utama,active,
GOTO,GOTO.JK,GoTo Gojek Tokopedia Tbk.,11 Apr 2022,1140573267220,Ekonomi Baru,active,
GPRA,GPRA.JK,Perdana Gapuraprima Tbk.,10 Okt 2007,4276655336,Pengembangan,active,
GPSO,GPSO.JK,Geoprima Solusi Tbk.,06 Sep 2021,666741103,Pengembangan,active,
GRIA,GRIA.JK,Ingria Pratama Capitalindo Tbk,08 Agt 2023,7375720674,Pengembangan,active,
GRPH,GRPH.JK,Griptha Putra Persada Tbk.,17 Jan 2024,1000000000,Pengembangan,active,
GRPM,GRPM.JK,Graha Prima Mentari Tbk.,10 Jul 2023,1548103296,Akselerasi,active,
GSMF,GSMF.JK,Equity Development Investment,23 Okt 1989,14230399705,Pengembangan,active,
GTBO,GTBO.JK,Garda Tujuh Buana Tbk,09 Jul 2009,2500000000,Pengembangan,active,
GTRA,GTRA.JK,Grahaprima Suksesmandiri Tbk.,30 Mar 2023,1894375000,Pengembangan,active,
GTSI,GTSI.JK,GTS Internasional Tbk.,08 Sep 2021,15819142767,Utama,active,
GULA,GULA.JK,Aman Agrindo Tbk.,03 Agt 2022,1070362500,Pengembangan,active,
GUNA,GUNA.JK,Gunanusa Eramandiri Tbk.,09 Jul 2024,2500000000,Pengembangan,active,
GWSA,GWSA.JK,Greenwood Sejahtera Tbk.,23 Des 2011,7800760000,Utama,active,
GZCO,GZCO.JK,Gozco Plantations Tbk.,15 Mei 2008,6000000000,Pengembangan,active,
HADE,HADE.JK,Himalaya Energi Perkasa Tbk.,12 Apr 2004,2120000000,Pemantauan Khusus,special_monitoring,
HAIS,HAIS.JK,Hasnur Internasional Shipping,01 Sep 2021,2626250000,Pengembangan,active,
HAJJ,HAJJ.JK,Arsy Buana Travelindo Tbk.,05 Apr 2023,2468527572,Akselerasi,active,
HALO,HALO.JK,Haloni Jane Tbk.,08 Feb 2023,6078729117,Pengembangan,active,
HATM,HATM.JK,Habco Trans Maritima Tbk.,26 Jul 2022,8680000000,Utama,active,
HBAT,HBAT.JK,Minahasa Membangun Hebat Tbk.,07 Agt 2023,1040740800,Akselerasi,active,
HDFA,HDFA.JK,Radana Bhaskara Finance Tbk.,10 Mei 2011,6542445783,Pengembangan,active,
HDIT,HDIT.JK,Hensel Davest Indonesia Tbk.,12 Jul 2019,1524680000,Pengembangan,active,
HEAL,HEAL.JK,Medikaloka Hermina Tbk.,16 Mei 2018,15365950000,Utama,active,
HELI,HELI.JK,Jaya Trishindo Tbk.,27 Mar 2018,832862387,Pengembangan,active,
HERO,HERO.JK,DFI Retail Nusantara Tbk.,21 Agt 1989,4183634000,Pengembangan,active,
HEXA,HEXA.JK,Hexindo Adiperkasa Tbk.,13 Feb 1995,840000000,Utama,active,
HGII,HGII.JK,Hero Global Investment Tbk.,09 Jan 2025,6500000000,Pengembangan,active,
HILL,HILL.JK,Hillcon Tbk.,01 Mar 2023,14741500000,Pemantauan Khusus,special_monitoring,
HITS,HITS.JK,Humpuss Intermoda Transportasi,15 Des 1997,7101084801,Pemantauan Khusus,special_monitoring,
HKMU,HKMU.JK,HK Metals Utama Tbk.,09 Okt 2018,3221750000,Pemantauan Khusus,special_monitoring,
HMSP,HMSP.JK,H.M. Sampoerna Tbk.,15 Agt 1990,116318076900,Utama,active,
HOKI,HOKI.JK,Buyung Poetra Sembada Tbk.,22 Jun 2017,9677752680,Pengembangan,active,
HOME,HOME.JK,Hotel Mandarine Regency Tbk.,17 Jul 2008,22212194782,Pemantauan Khusus,special_monitoring,
HOMI,HOMI.JK,Grand House Mulia Tbk.,10 Sep 2020,1575000000,Pengembangan,active,
HOPE,HOPE.JK,Harapan Duta Pertiwi Tbk.,24 Mei 2021,2130360203,Pengembangan,active,
HOTL,HOTL.JK,Saraswati Griya Lestari Tbk.,10 Jan 2013,3550001452,Pemantauan Khusus,special_monitoring,
HRME,HRME.JK,Menteng Heritage Realty Tbk.,12 Apr 2019,5958750000,Pemantauan Khusus,special_monitoring,
HRTA,HRTA.JK,Hartadinata Abadi Tbk.,21 Jun 2017,4605262400,Utama,active,
HRUM,HRUM.JK,Harum Energy Tbk.,06 Okt 2010,13518100000,Utama,active,
HUMI,HUMI.JK,Humpuss Maritim Internasional,09 Agt 2023,18062572443,Pengembangan,active,
HYGN,HYGN.JK,Ecocare Indo Pasifik Tbk.,13 Feb 2024,2525000000,Pengembangan,active,
IATA,IATA.JK,MNC Energy Investments Tbk.,13 Sep 2006,31275829981,Pengembangan,active,
IBFN,IBFN.JK,Intan Baru Prana Tbk.,22 Des 2014,1517332349,Pemantauan Khusus,special_monitoring,
IBOS,IBOS.JK,Indo Boga Sukses Tbk.,25 Apr 2022,8065789529,Akselerasi,active,
IBST,IBST.JK,Inti Bangun Sejahtera Tbk.,31 Agt 2012,1350904927,Pemantauan Khusus,special_monitoring,
ICBP,ICBP.JK,Indofood CBP Sukses Makmur Tbk,07 Okt 2010,11661908000,Utama,active,
ICON,ICON.JK,Island Concepts Indonesia Tbk.,08 Jul 2005,1089750000,Pengembangan,active,
IDEA,IDEA.JK,Idea Indonesia Akademi Tbk.,09 Sep 2021,1062437500,Akselerasi,active,
IDPR,IDPR.JK,Indonesia Pondasi Raya Tbk.,10 Des 2015,2003000000,Pengembangan,active,
IFII,IFII.JK,Indonesia Fibreboard Industry,10 Des 2019,9412000000,Pengembangan,active,
IFSH,IFSH.JK,Ifishdeco Tbk.,05 Des 2019,2125000000,Pengembangan,active,
IGAR,IGAR.JK,Champion Pacific Indonesia Tbk,05 Nov 1990,927780600,Pengembangan,active,
IIKP,IIKP.JK,Inti Agri Resources Tbk,14 Okt 2002,33600000000,Pemantauan Khusus,special_monitoring,
IKAI,IKAI.JK,Intikeramik Alamasri Industri,04 Jun 1997,13305799387,Pemantauan Khusus,special_monitoring,
IKAN,IKAN.JK,Era Mandiri Cemerlang Tbk.,12 Feb 2020,833333000,Pengembangan,active,
IKBI,IKBI.JK,Sumi Indo Kabel Tbk.,21 Jan 1991,1224000000,Pengembangan,active,
IKPM,IKPM.JK,Ikapharmindo Putramas Tbk.,08 Nov 2023,1684662500,Pengembangan,active,
IMAS,IMAS.JK,Indomobil Sukses Internasional,15 Nov 1993,3994291039,Utama,active,
IMJS,IMJS.JK,Indomobil Multi Jasa Tbk.,10 Des 2013,10849262500,Pengembangan,active,
IMPC,IMPC.JK,Impack Pratama Industri Tbk.,17 Des 2014,54907000000,Utama,active,
INAF,INAF.JK,Indofarma Tbk.,17 Apr 2001,3099267500,Pemantauan Khusus,special_monitoring,
INAI,INAI.JK,Indal Aluminium Industry Tbk.,05 Des 1994,633600000,Pengembangan,active,
INCF,INCF.JK,Indo Komoditi Korpora Tbk.,06 Sep 2016,1438370465,Pengembangan,active,
INCI,INCI.JK,Intanwijaya Internasional Tbk,24 Jul 1990,207656617,Pengembangan,active,
INCO,INCO.JK,Vale Indonesia Tbk.,16 Mei 1990,10539784534,Utama,active,
INDF,INDF.JK,Indofood Sukses Makmur Tbk.,14 Jul 1994,8780426500,Utama,active,
INDO,INDO.JK,Royalindo Investa Wijaya Tbk.,13 Jan 2020,4480741638,Pengembangan,active,
INDR,INDR.JK,Indo-Rama Synthetics Tbk.,03 Agt 1990,654351707,Pengembangan,active,
INDS,INDS.JK,Indospring Tbk.,10 Agt 1990,6562497100,Pengembangan,active,
INDX,INDX.JK,Tanah Laut Tbk,17 Mei 2001,437913588,Pengembangan,active,
INDY,INDY.JK,Indika Energy Tbk.,11 Jun 2008,5210192000,Utama,active,
INET,INET.JK,Sinergi Inti Andalan Prima Tbk,24 Jul 2023,22374111088,Pengembangan,active,
INKP,INKP.JK,Indah Kiat Pulp & Paper Tbk.,16 Jul 1990,5470982941,Utama,active,
INOV,INOV.JK,Inocycle Technology Group Tbk.,10 Jul 2019,1808221900,Pengembangan,active,
INPC,INPC.JK,Bank Artha Graha Internasional,23 Agt 1990,20021178779,Utama,active,
INPP,INPP.JK,Indonesian Paradise Property T,12 Jan 2004,11181971732,Pengembangan,active,
INPS,INPS.JK,Indah Prakasa Sentosa Tbk.,06 Apr 2018,650000000,Pemantauan Khusus,special_monitoring,
INRU,INRU.JK,Toba Pulp Lestari Tbk.,18 Jun 1990,1388883283,Pengembangan,active,
INTA,INTA.JK,Intraco Penta Tbk.,23 Agt 1993,3343935022,Pemantauan Khusus,special_monitoring,
INTD,INTD.JK,Inter Delta Tbk,18 Des 1989,591828000,Pengembangan,active,
INTP,INTP.JK,Indocement Tunggal Prakarsa Tb,05 Des 1989,3515602799,Utama,active,
IOTF,IOTF.JK,Sumber Sinergi Makmur Tbk.,06 Okt 2023,5290298067,Pengembangan,active,
IPAC,IPAC.JK,Era Graharealty Tbk.,30 Jun 2021,949868500,Akselerasi,active,
IPCC,IPCC.JK,Indonesia Kendaraan Terminal T,09 Jul 2018,1818384820,Utama,active,
IPCM,IPCM.JK,Jasa Armada Indonesia Tbk.,22 Des 2017,5284811100,Utama,active,
IPOL,IPOL.JK,Indopoly Swakarsa Industry Tbk,09 Jul 2010,6443379509,Pengembangan,active,
IPPE,IPPE.JK,Indo Pureco Pratama Tbk.,09 Des 2021,4600000000,Pemantauan Khusus,special_monitoring,
IPTV,IPTV.JK,MNC Vision Networks Tbk.,08 Jul 2019,42197950841,Pemantauan Khusus,special_monitoring,
IRRA,IRRA.JK,Itama Ranoraya Tbk.,15 Okt 2019,1600000000,Pengembangan,active,
IRSX,IRSX.JK,Folago Global Nusantara Tbk.,07 Feb 2023,6195047377,Pengembangan,active,
ISAP,ISAP.JK,Isra Presisi Indonesia Tbk.,09 Des 2022,4020343479,Akselerasi,active,
ISAT,ISAT.JK,Indosat Tbk.,19 Okt 1994,32250810957,Utama,active,
ISEA,ISEA.JK,Indo American Seafoods Tbk.,08 Jul 2024,1390013370,Pengembangan,active,
ISSP,ISSP.JK,Steel Pipe Industry of Indones,22 Feb 2013,7185992035,Utama,active,
ITIC,ITIC.JK,Indonesian Tobacco Tbk.,04 Jul 2019,940720000,Pengembangan,active,
ITMA,ITMA.JK,Sumber Energi Andalan Tbk.,10 Des 1990,999053167,Pengembangan,active,
ITMG,ITMG.JK,Indo Tambangraya Megah Tbk.,18 Des 2007,1129925000,Utama,active,
JARR,JARR.JK,Jhonlin Agro Raya Tbk.,04 Agt 2022,9230665050,Utama,active,
JAST,JAST.JK,Jasnita Telekomindo Tbk.,16 Mei 2019,1082575738,Pengembangan,active,
JATI,JATI.JK,Informasi Teknologi Indonesia,08 Mei 2023,3262520106,Pengembangan,active,
JAWA,JAWA.JK,Jaya Agra Wattie Tbk.,30 Mei 2011,16232951842,Pengembangan,active,
JAYA,JAYA.JK,Armada Berjaya Trans Tbk.,21 Feb 2019,798499394,Pengembangan,active,
JECC,JECC.JK,Jembo Cable Company Tbk.,18 Nov 1992,756000000,Pengembangan,active,
JGLE,JGLE.JK,Graha Andrasentra Propertindo,29 Jun 2016,22581909405,Pemantauan Khusus,special_monitoring,
JIHD,JIHD.JK,Jakarta International Hotels &,29 Feb 1984,2329040482,Pengembangan,active,
JKON,JKON.JK,Jaya Konstruksi Manggala Prata,04 Des 2007,16308519860,Utama,active,
JMAS,JMAS.JK,Asuransi Jiwa Syariah Jasa Mit,18 Des 2017,1000000000,Pengembangan,active,
JPFA,JPFA.JK,Japfa Comfeed Indonesia Tbk.,23 Okt 1989,11726575201,Utama,active,
JRPT,JRPT.JK,Jaya Real Property Tbk.,29 Jun 1994,12910719100,Utama,active,
JSKY,JSKY.JK,Sky Energy Indonesia Tbk.,28 Mar 2018,2032540000,Pemantauan Khusus,special_monitoring,
JSMR,JSMR.JK,Jasa Marga (Persero) Tbk.,12 Nov 2007,7257871200,Utama,active,
JSPT,JSPT.JK,Jakarta Setiabudi Internasiona,12 Jan 1998,2318736000,Pengembangan,active,
JTPE,JTPE.JK,Jasuindo Tiga Perkasa Tbk.,16 Apr 2002,6852050000,Utama,active,
KAEF,KAEF.JK,Kimia Farma Tbk.,04 Jul 2001,5566589577,Pengembangan,active,
KAQI,KAQI.JK,Jantra Grupo Indonesia Tbk.,10 Mar 2025,2075800000,Pengembangan,active,
KARW,KARW.JK,Meratus Jasa Prima Tbk.,20 Des 1994,587152700,Pemantauan Khusus,special_monitoring,
KAYU,KAYU.JK,Darmi Bersaudara Tbk.,04 Jul 2019,665000000,Pemantauan Khusus,special_monitoring,
KBAG,KBAG.JK,Karya Bersama Anugerah Tbk.,08 Apr 2020,7150002603,Pemantauan Khusus,special_monitoring,
KBLI,KBLI.JK,KMI Wire & Cable Tbk.,06 Jul 1992,4007235107,Utama,active,
KBLM,KBLM.JK,Kabelindo Murni Tbk.,01 Jun 1992,1120000000,Pengembangan,active,
KBLV,KBLV.JK,First Media Tbk.,25 Feb 2000,1742167907,Pengembangan,active,
KBRI,KBRI.JK,Kertas Basuki Rachmat Indonesi,11 Jul 2008,8687995734,Pemantauan Khusus,special_monitoring,
KDSI,KDSI.JK,Kedawung Setia Industrial Tbk.,29 Jul 1996,1620000000,Pengembangan,active,
KDTN,KDTN.JK,Puri Sentul Permai Tbk.,09 Nov 2022,1250023298,Pengembangan,active,
KEEN,KEEN.JK,Kencana Energi Lestari Tbk.,02 Sep 2019,3666312500,Utama,active,
KEJU,KEJU.JK,Mulia Boga Raya Tbk.,25 Nov 2019,5624999999,Utama,active,
KETR,KETR.JK,Ketrosden Triasmitra Tbk.,11 Jan 2021,2841262838,Pengembangan,active,
KIAS,KIAS.JK,Keramika Indonesia Assosiasi T,08 Des 1994,14929100000,Pemantauan Khusus,special_monitoring,
KICI,KICI.JK,Kedaung Indah Can Tbk,28 Okt 1993,276000000,Pengembangan,active,
KIJA,KIJA.JK,Kawasan Industri Jababeka Tbk.,10 Jan 1995,20824888369,Utama,active,
KING,KING.JK,Hoffmen Cleanindo Tbk.,16 Feb 2023,2602852170,Akselerasi,active,
KINO,KINO.JK,Kino Indonesia Tbk.,11 Des 2015,1428571500,Pengembangan,active,
KIOS,KIOS.JK,Kioson Komersial Indonesia Tbk,05 Okt 2017,1075862960,Pengembangan,active,
KJEN,KJEN.JK,Krida Jaringan Nusantara Tbk.,01 Jul 2019,500000000,Pengembangan,active,
KKES,KKES.JK,Kusuma Kemindo Sentosa Tbk.,08 Agt 2022,1500000000,Pemantauan Khusus,special_monitoring,
KKGI,KKGI.JK,Resource Alam Indonesia Tbk.,01 Jul 1991,5000000000,Utama,active,
KLAS,KLAS.JK,Pelayaran Kurnia Lautan Semest,12 Jun 2023,3644415975,Pengembangan,active,
KLBF,KLBF.JK,Kalbe Farma Tbk.,30 Jul 1991,46813391540,Utama,active,
KLIN,KLIN.JK,Klinko Karya Imaji Tbk.,09 Agt 2022,1307530330,Akselerasi,active,
KMDS,KMDS.JK,Kurniamitra Duta Sentosa Tbk.,07 Sep 2020,800000000,Pengembangan,active,
KMTR,KMTR.JK,Kirana Megatara Tbk.,19 Jun 2017,8215366379,Pengembangan,active,
KOBX,KOBX.JK,Kobexindo Tractors Tbk.,05 Jul 2012,2272500000,Pengembangan,active,
KOCI,KOCI.JK,Kokoh Exa Nusantara Tbk.,07 Okt 2023,4466897008,Pengembangan,active,
KOIN,KOIN.JK,Kokoh Inti Arebama Tbk,09 Apr 2008,980843732,Pemantauan Khusus,special_monitoring,
KOKA,KOKA.JK,Koka Indonesia Tbk.,11 Okt 2023,2861333000,Pengembangan,active,
KONI,KONI.JK,Perdana Bangun Pusaka Tbk,22 Agt 1995,312000000,Pengembangan,active,
KOPI,KOPI.JK,Mitra Energi Persada Tbk.,04 Mei 2015,697266668,Pengembangan,active,
KOTA,KOTA.JK,DMS Propertindo Tbk.,09 Jul 2019,10546185701,Utama,active,
KPIG,KPIG.JK,MNC Tourism Indonesia Tbk.,30 Mar 2000,99857559263,Utama,active,
KRAS,KRAS.JK,Krakatau Steel (Persero) Tbk.,10 Nov 2010,19346396900,Pengembangan,active,
KREN,KREN.JK,Quantum Clovera Investama Tbk.,28 Jun 2002,18208470100,Pemantauan Khusus,special_monitoring,
KRYA,KRYA.JK,Bangun Karya Perkasa Jaya Tbk.,25 Jul 2022,1663943474,Pengembangan,active,
KSIX,KSIX.JK,Kentanix Supra International T,08 Jan 2025,2137831800,Pengembangan,active,
KUAS,KUAS.JK,Ace Oldfields Tbk.,25 Okt 2021,1292808150,Pengembangan,active,
LABA,LABA.JK,Green Power Group Tbk.,10 Jun 2021,1103402553,Pengembangan,active,
LABS,LABS.JK,UBC Medical Indonesia Tbk.,10 Jul 2024,3950000000,Pengembangan,active,
LAJU,LAJU.JK,Jasa Berdikari Logistics Tbk.,27 Jan 2023,2149942974,Pengembangan,active,
LAND,LAND.JK,Trimitra Propertindo Tbk.,23 Agt 2018,2792620000,Pengembangan,active,
LAPD,LAPD.JK,Leyand International Tbk.,17 Jul 2001,3966350139,Pengembangan,active,
LCGP,LCGP.JK,Eureka Prima Jakarta Tbk.,13 Jul 2007,5630000914,Pemantauan Khusus,special_monitoring,
LCKM,LCKM.JK,LCK Global Kedaton Tbk.,16 Jan 2018,1000000000,Pengembangan,active,
LEAD,LEAD.JK,Logindo Samudramakmur Tbk.,11 Des 2013,5799616328,Pengembangan,active,
LFLO,LFLO.JK,Imago Mulia Persada Tbk.,07 Apr 2021,1307734937,Akselerasi,active,
LIFE,LIFE.JK,MSIG Life Insurance Indonesia,09 Jul 2019,2100000000,Pengembangan,active,
LINK,LINK.JK,Link Net Tbk.,02 Jun 2014,2863195484,Pengembangan,active,
LION,LION.JK,Lion Metal Works Tbk.,20 Agt 1993,520160000,Pengembangan,active,
LIVE,LIVE.JK,Homeco Victoria Makmur Tbk.,12 Feb 2024,4593005014,Pengembangan,active,
LMAS,LMAS.JK,Limas Indonesia Makmur Tbk,28 Des 2001,787851525,Pemantauan Khusus,special_monitoring,
LMAX,LMAX.JK,Lupromax Pelumas Indonesia Tbk,09 Agt 2023,650008775,Akselerasi,active,
LMPI,LMPI.JK,Langgeng Makmur Industri Tbk.,17 Okt 1994,1008517669,Pengembangan,active,
LMSH,LMSH.JK,Lionmesh Prima Tbk.,04 Jun 1990,96000000,Pemantauan Khusus,special_monitoring,
LOPI,LOPI.JK,Logisticsplus International Tb,11 Okt 2023,1100011289,Akselerasi,active,
LPCK,LPCK.JK,Lippo Cikarang Tbk,24 Jul 1997,5134685692,Pengembangan,active,
LPGI,LPGI.JK,Lippo General Insurance Tbk.,22 Jul 1997,3000000000,Pengembangan,active,
LPIN,LPIN.JK,Multi Prima Sejahtera Tbk,05 Feb 1990,425000000,Pengembangan,active,
LPKR,LPKR.JK,Lippo Karawaci Tbk.,28 Jun 1996,70898018369,Utama,active,
LPLI,LPLI.JK,Star Pacific Tbk,23 Okt 1989,1170432803,Pengembangan,active,
LPPF,LPPF.JK,Matahari Department Store Tbk.,09 Okt 1989,2258279280,Utama,active,
LPPS,LPPS.JK,Lenox Pasifik Investama Tbk.,28 Mar 1994,2588250000,Pengembangan,active,
LRNA,LRNA.JK,Eka Sari Lorena Transport Tbk.,15 Apr 2014,350000022,Pengembangan,active,
LSIP,LSIP.JK,PP London Sumatra Indonesia Tb,05 Jul 1996,6819963965,Utama,active,
LTLS,LTLS.JK,Lautan Luas Tbk.,21 Jul 1997,1560000000,Utama,active,
LUCK,LUCK.JK,Sentral Mitra Informatika Tbk.,28 Nov 2018,715749640,Pengembangan,active,
LUCY,LUCY.JK,Lima Dua Lima Tiga Tbk.,05 Mei 2021,1514773893,Akselerasi,active,
MABA,MABA.JK,Marga Abhinaya Abadi Tbk.,22 Jun 2017,15365229912,Pemantauan Khusus,special_monitoring,
MAGP,MAGP.JK,Multi Agro Gemilang Plantation,16 Jan 2013,9000000004,Pemantauan Khusus,special_monitoring,
MAHA,MAHA.JK,Mandiri Herindo Adiperkasa Tbk,25 Jul 2023,16666000000,Utama,active,
MAIN,MAIN.JK,Malindo Feedmill Tbk.,10 Feb 2006,2238750000,Utama,active,
MANG,MANG.JK,Manggung Polahraya Tbk.,11 Jan 2024,3812570703,Akselerasi,active,
MAPA,MAPA.JK,Map Aktif Adiperkasa Tbk.,05 Jul 2018,28504000000,Utama,active,
MAPB,MAPB.JK,MAP Boga Adiperkasa Tbk.,21 Jun 2017,2387922900,Pengembangan,active,
MAPI,MAPI.JK,Mitra Adiperkasa Tbk.,10 Nov 2004,16600000000,Utama,active,
MARI,MARI.JK,Mahaka Radio Integra Tbk.,11 Feb 2016,5252644000,Pemantauan Khusus,special_monitoring,
MARK,MARK.JK,Mark Dynamics Indonesia Tbk.,12 Jul 2017,3800000310,Utama,active,
MASB,MASB.JK,Bank Multiarta Sentosa Tbk.,30 Jun 2021,1387737233,Pengembangan,active,
MAXI,MAXI.JK,Maxindo Karya Anugerah Tbk.,12 Jun 2023,9610099981,Pengembangan,active,
MAYA,MAYA.JK,Bank Mayapada Internasional Tb,29 Agt 1997,25906179152,Utama,active,
MBAP,MBAP.JK,Mitrabara Adiperdana Tbk.,10 Jul 2014,1227271952,Pengembangan,active,
MBMA,MBMA.JK,Merdeka Battery Materials Tbk.,18 Apr 2023,107995419900,Utama,active,
MBSS,MBSS.JK,Mitrabahtera Segara Sejati Tbk,06 Apr 2011,1750026639,Utama,active,
MBTO,MBTO.JK,Martina Berto Tbk.,13 Jan 2011,1070000000,Pengembangan,active,
MCAS,MCAS.JK,M Cash Integrasi Tbk.,01 Nov 2017,867933300,Utama,active,
MCOL,MCOL.JK,Prima Andalan Mandiri Tbk.,07 Sep 2021,3555560000,Utama,active,
MCOR,MCOR.JK,Bank China Construction Bank I,03 Jul 2007,37540533209,Utama,active,
MDIA,MDIA.JK,Intermedia Capital Tbk.,11 Apr 2014,39215538400,Pengembangan,active,
MDIY,MDIY.JK,Daya Intiguna Yasa Tbk.,19 Des 2024,25190392000,Utama,active,
MDKA,MDKA.JK,Merdeka Copper Gold Tbk.,19 Jun 2015,24472983771,Utama,active,
MDKI,MDKI.JK,Emdeki Utama Tbk.,25 Sep 2017,2530150002,Pengembangan,active,
MDLA,MDLA.JK,Medela Potentia Tbk.,15 Apr 2025,14012825000,Utama,active,
MDLN,MDLN.JK,Modernland Realty Tbk.,18 Jan 1993,12533067322,Pengembangan,active,
MDRN,MDRN.JK,Modern Internasional Tbk.,16 Jul 1991,7632167798,Pemantauan Khusus,special_monitoring,
MEDC,MEDC.JK,Medco Energi Internasional Tbk,12 Okt 1994,25136231252,Utama,active,
MEDS,MEDS.JK,Hetzer Medical Indonesia Tbk.,10 Agt 2022,1562500000,Pengembangan,active,
MEGA,MEGA.JK,Bank Mega Tbk.,17 Apr 2000,11623514905,Utama,active,
MEJA,MEJA.JK,Harta Djaya Karya Tbk.,12 Feb 2024,2235502042,Akselerasi,active,
MENN,MENN.JK,Menn Teknologi Indonesia Tbk.,18 Apr 2023,1434052006,Pemantauan Khusus,special_monitoring,
MERI,MERI.JK,Merry Riana Edukasi Tbk.,10 Jul 2025,1035132500,Pengembangan,active,
MERK,MERK.JK,Merck Tbk.,23 Jul 1981,448000000,Pengembangan,active,
META,META.JK,Nusantara Infrastructure Tbk.,18 Jul 2001,17710708194,Pengembangan,active,
MFMI,MFMI.JK,Multifiling Mitra Indonesia Tb,29 Des 2010,757581000,Pemantauan Khusus,special_monitoring,
MGLV,MGLV.JK,Panca Anugrah Wisesa Tbk.,08 Jun 2021,1904883411,Akselerasi,active,
MGNA,MGNA.JK,Magna Investama Mandiri Tbk.,08 Jul 2014,3411009526,Pengembangan,active,
MGRO,MGRO.JK,Mahkota Group Tbk.,12 Jul 2018,3554445700,Pengembangan,active,
MHKI,MHKI.JK,Multi Hanna Kreasindo Tbk.,16 Apr 2024,3750000000,Pengembangan,active,
MICE,MICE.JK,Multi Indocitra Tbk.,21 Des 2005,600000000,Pengembangan,active,
MIDI,MIDI.JK,Midi Utama Indonesia Tbk.,30 Nov 2010,33435294800,Utama,active,
MIKA,MIKA.JK,Mitra Keluarga Karyasehat Tbk.,24 Mar 2015,13907481500,Utama,active,
MINA,MINA.JK,Sanurhasta Mitra Tbk.,28 Apr 2017,9843750000,Pengembangan,active,
MINE,MINE.JK,Sinar Terang Mandiri Tbk.,10 Mar 2025,4084435300,Utama,active,
MIRA,MIRA.JK,Mitra International Resources,30 Jan 1997,3961452039,Pemantauan Khusus,special_monitoring,
MITI,MITI.JK,Mitra Investindo Tbk.,16 Jul 1997,3750526603,Pengembangan,active,
MKAP,MKAP.JK,Multikarya Asia Pasifik Raya T,12 Feb 2024,3250000000,Pengembangan,active,
MKNT,MKNT.JK,Mitra Komunikasi Nusantara Tbk,26 Okt 2015,5500000000,Pemantauan Khusus,special_monitoring,
MKPI,MKPI.JK,Metropolitan Kentjana Tbk.,10 Jul 2009,948194000,Pengembangan,active,
MKTR,MKTR.JK,Menthobi Karyatama Raya Tbk.,08 Nov 2022,12060428584,Utama,active,
MLBI,MLBI.JK,Multi Bintang Indonesia Tbk.,15 Des 1981,2107000000,Utama,active,
MLIA,MLIA.JK,Mulia Industrindo Tbk,17 Jan 1994,6615000000,Utama,active,
MLPL,MLPL.JK,Multipolar Tbk.,06 Nov 1989,15682323987,Utama,active,
MLPT,MLPT.JK,Multipolar Technology Tbk.,08 Jul 2013,1875000000,Pengembangan,active,
MMIX,MMIX.JK,Multi Medika Internasional Tbk,06 Des 2022,4800425380,Pengembangan,active,
MMLP,MMLP.JK,Mega Manunggal Property Tbk.,12 Jun 2015,6889134608,Utama,active,
MNCN,MNCN.JK,Media Nusantara Citra Tbk.,22 Jun 2007,15049787710,Utama,active,
MOLI,MOLI.JK,Madusari Murni Indah Tbk.,30 Agt 2018,2724036581,Pengembangan,active,
MORA,MORA.JK,Mora Telematika Indonesia Tbk.,08 Agt 2022,23646668691,Utama,active,
MPIX,MPIX.JK,Mitra Pedagang Indonesia Tbk.,07 Feb 2024,1562574308,Pengembangan,active,
MPMX,MPMX.JK,Mitra Pinasthika Mustika Tbk.,29 Mei 2013,4386963276,Utama,active,
MPOW,MPOW.JK,Megapower Makmur Tbk.,05 Jul 2017,816997053,Pengembangan,active,
MPPA,MPPA.JK,Matahari Putra Prima Tbk.,21 Des 1992,12966640084,Pemantauan Khusus,special_monitoring,
MPRO,MPRO.JK,Maha Properti Indonesia Tbk.,09 Okt 2018,9942500000,Pengembangan,active,
MPXL,MPXL.JK,MPX Logistics International Tb,09 Mei 2023,2000014587,Pengembangan,active,
MRAT,MRAT.JK,Mustika Ratu Tbk.,27 Jul 1995,428000000,Pengembangan,active,
MREI,MREI.JK,Maskapai Reasuransi Indonesia,04 Sep 1989,517791681,Utama,active,
MSIE,MSIE.JK,Multisarana Intan Eduka Tbk.,10 Agt 2023,1460007754,Akselerasi,active,
MSIN,MSIN.JK,MNC Digital Entertainment Tbk.,08 Jun 2018,60676178205,Utama,active,
MSJA,MSJA.JK,Multi Spunindo Jaya Tbk.,10 Jan 2024,5882352900,Pengembangan,active,
MSKY,MSKY.JK,MNC Sky Vision Tbk.,09 Jul 2012,1994370480,Pengembangan,active,
MSTI,MSTI.JK,Mastersystem Infotama Tbk.,08 Nov 2023,3139416200,Utama,active,
MTDL,MTDL.JK,Metrodata Electronics Tbk.,09 Apr 1990,12276884585,Utama,active,
MTEL,MTEL.JK,Dayamitra Telekomunikasi Tbk.,22 Nov 2021,83559677444,Utama,active,
MTFN,MTFN.JK,Capitalinc Investment Tbk.,16 Apr 1990,31842082852,Pemantauan Khusus,special_monitoring,
MTLA,MTLA.JK,Metropolitan Land Tbk.,20 Jun 2011,7655126330,Utama,active,
MTMH,MTMH.JK,Murni Sadar Tbk.,20 Apr 2022,2068526950,Utama,active,
MTPS,MTPS.JK,Meta Epsi Tbk.,10 Apr 2019,2084850829,Pemantauan Khusus,special_monitoring,
MTRA,MTRA.JK,Mitra Pemuda Tbk.,10 Feb 2016,770000000,Pemantauan Khusus,special_monitoring,
MTSM,MTSM.JK,Metro Realty Tbk.,08 Jan 1992,232848000,Pemantauan Khusus,special_monitoring,
MTWI,MTWI.JK,Malacca Trust Wuwungan Insuran,12 Okt 2017,2924486639,Pengembangan,active,
MUTU,MUTU.JK,Mutuagung Lestari Tbk.,09 Agt 2023,3142950585,Pengembangan,active,
MYOH,MYOH.JK,Samindo Resources Tbk.,27 Jul 2000,2206312500,Pengembangan,active,
MYOR,MYOR.JK,Mayora Indah Tbk.,04 Jul 1990,22358699725,Utama,active,
MYTX,MYTX.JK,Asia Pacific Investama Tbk.,10 Okt 1989,7747281949,Pemantauan Khusus,special_monitoring,
NAIK,NAIK.JK,Adiwarna Anugerah Abadi Tbk.,13 Nov 2024,3327529803,Pengembangan,active,
NANO,NANO.JK,Nanotech Indonesia Global Tbk.,10 Mar 2022,4285440269,Akselerasi,active,
NASA,NASA.JK,Andalan Perkasa Abadi Tbk.,07 Agt 2017,11004929322,Pemantauan Khusus,special_monitoring,
NASI,NASI.JK,Wahana Inti Makmur Tbk.,13 Des 2021,807400000,Pengembangan,active,
NATO,NATO.JK,Olympus Strategic Indonesia Tb,18 Jan 2019,8001111504,Pengembangan,active,
NAYZ,NAYZ.JK,Hassana Boga Sejahtera Tbk.,06 Feb 2023,2550011472,Akselerasi,active,
NCKL,NCKL.JK,Trimegah Bangun Persada Tbk.,12 Apr 2023,63098600000,Utama,active,
NELY,NELY.JK,Pelayaran Nelly Dwi Putri Tbk.,11 Okt 2012,2350000000,Pengembangan,active,
NEST,NEST.JK,Esta Indonesia Tbk.,08 Agt 2024,4112500000,Pengembangan,active,
NETV,NETV.JK,MDTV Media Technologies Tbk.,26 Jan 2022,41360517722,Pengembangan,active,
NFCX,NFCX.JK,NFC Indonesia Tbk.,12 Jul 2018,666667500,Pengembangan,active,
NICE,NICE.JK,Adhi Kartiko Pratama Tbk.,09 Jan 2024,6082020000,Pengembangan,active,
NICK,NICK.JK,Charnic Capital Tbk.,02 Mei 2018,651150000,Pengembangan,active,
NICL,NICL.JK,PAM Mineral Tbk.,09 Jul 2021,10635644907,Pengembangan,active,
NIKL,NIKL.JK,Pelat Timah Nusantara Tbk.,14 Des 2009,2523350000,Pengembangan,active,
NINE,NINE.JK,Techno9 Indonesia Tbk.,05 Des 2022,2157000000,Akselerasi,active,
NIRO,NIRO.JK,City Retail Developments Tbk.,13 Sep 2012,22198871804,Pengembangan,active,
NISP,NISP.JK,Bank OCBC NISP Tbk.,20 Okt 1994,22715776032,Utama,active,
NOBU,NOBU.JK,Bank Nationalnobu Tbk.,20 Mei 2013,7403659460,Pengembangan,active,
NPGF,NPGF.JK,Nusa Palapa Gemilang Tbk.,14 Apr 2021,3240235840,Pengembangan,active,
NRCA,NRCA.JK,Nusa Raya Cipta Tbk.,27 Jun 2013,2496258344,Pengembangan,active,
NSSS,NSSS.JK,Nusantara Sawit Sejahtera Tbk.,10 Mar 2023,23801568645,Pengembangan,active,
NTBK,NTBK.JK,Nusatama Berkah Tbk.,09 Feb 2022,2700064877,Pengembangan,active,
NUSA,NUSA.JK,Sinergi Megah Internusa Tbk.,12 Jul 2018,7700000148,Pemantauan Khusus,special_monitoring,
NZIA,NZIA.JK,Nusantara Almazia Tbk.,25 Sep 2019,2197540705,Pengembangan,active,
OASA,OASA.JK,Maharaksa Biru Energi Tbk.,18 Jul 2016,6347220000,Pengembangan,active,
OBAT,OBAT.JK,Brigit Biofarmaka Teknologi Tb,13 Jan 2025,680376575,Pengembangan,active,
OBMD,OBMD.JK,OBM Drilchem Tbk.,08 Des 2021,805992931,Pengembangan,active,
OCAP,OCAP.JK,Onix Capital Tbk.,10 Okt 2003,273200000,Pemantauan Khusus,special_monitoring,
OILS,OILS.JK,Indo Oil Perkasa Tbk.,06 Sep 2021,454056563,Pengembangan,active,
OKAS,OKAS.JK,Ancora Indonesia Resources Tbk,29 Mar 2006,2373449165,Pengembangan,active,
OLIV,OLIV.JK,Oscar Mitra Sukses Sejahtera T,17 Mei 2022,1900073314,Akselerasi,active,
OMED,OMED.JK,Jayamas Medica Industri Tbk.,08 Nov 2022,27058850000,Utama,active,
OMRE,OMRE.JK,Indonesia Prima Property Tbk,22 Agt 1994,2945211000,Pemantauan Khusus,special_monitoring,
OPMS,OPMS.JK,Optima Prima Metal Sinergi Tbk,23 Sep 2019,1000000000,Pengembangan,active,
PACK,PACK.JK,Abadi Nusantara Hijau Investam,08 Feb 2023,32352008997,Akselerasi,active,
PADA,PADA.JK,Personel Alih Daya Tbk.,08 Des 2022,3150000000,Pengembangan,active,
PADI,PADI.JK,Minna Padi Investama Sekuritas,09 Jan 2012,11307246524,Pengembangan,active,
PALM,PALM.JK,Provident Investasi Bersama Tb,08 Okt 2012,15732874458,Pengembangan,active,
PAMG,PAMG.JK,Bima Sakti Pertiwi Tbk.,05 Jul 2019,3125000000,Pengembangan,active,
PANI,PANI.JK,Pantai Indah Kapuk Dua Tbk.,18 Sep 2018,18117025598,Utama,active,
PANR,PANR.JK,Panorama Sentrawisata Tbk.,18 Sep 2001,1387500000,Utama,active,
PANS,PANS.JK,Panin Sekuritas Tbk.,31 Mei 2000,720000000,Utama,active,
PART,PART.JK,Cipta Perdana Lancar Tbk.,05 Jul 2024,2812127844,Pengembangan,active,
PBID,PBID.JK,Panca Budi Idaman Tbk.,13 Des 2017,7500000000,Utama,active,
PBRX,PBRX.JK,Pan Brothers Tbk.,16 Agt 1990,21482028246,Pemantauan Khusus,special_monitoring,
PBSA,PBSA.JK,Paramita Bangun Sarana Tbk.,28 Sep 2016,3000000000,Pengembangan,active,
PCAR,PCAR.JK,Prima Cakrawala Abadi Tbk.,29 Des 2017,1166666700,Pemantauan Khusus,special_monitoring,
PDES,PDES.JK,Destinasi Tirta Nusantara Tbk,08 Jul 2008,715000000,Pengembangan,active,
PDPP,PDPP.JK,Primadaya Plastisindo Tbk.,09 Nov 2022,3061341438,Pengembangan,active,
PEGE,PEGE.JK,Panca Global Kapital Tbk.,24 Jun 2005,2833417056,Pengembangan,active,
PEHA,PEHA.JK,Phapros Tbk.,26 Des 2018,840000000,Pengembangan,active,
PEVE,PEVE.JK,Penta Valent Tbk.,24 Jan 2023,1765625000,Pengembangan,active,
PGAS,PGAS.JK,Perusahaan Gas Negara (Persero,15 Des 2003,24241508196,Utama,active,
PGEO,PGEO.JK,Pertamina Geothermal Energy Tb,24 Feb 2023,41899535623,Utama,active,
PGJO,PGJO.JK,Bahtera Bumi Raya Tbk.,08 Jan 2020,795859095,Pemantauan Khusus,special_monitoring,
PGLI,PGLI.JK,Pembangunan Graha Lestari Inda,05 Apr 2000,488000000,Pengembangan,active,
PGUN,PGUN.JK,Pradiksi Gunatama Tbk.,07 Jul 2020,5737848882,Pengembangan,active,
PICO,PICO.JK,Pelangi Indah Canindo Tbk,23 Sep 1996,568375000,Pengembangan,active,
PIPA,PIPA.JK,Multi Makmur Lemindo Tbk.,10 Apr 2023,3426097190,Pengembangan,active,
PJAA,PJAA.JK,Pembangunan Jaya Ancol Tbk.,02 Jul 2004,1599999996,Pengembangan,active,
PJHB,PJHB.JK,Pelayaran Jaya Hidup Baru Tbk.,06 Nov 2025,1920000000,Pengembangan,active,
PKPK,PKPK.JK,Paragon Karya Perkasa Tbk.,11 Jul 2007,1200000000,Pengembangan,active,
PLAN,PLAN.JK,Planet Properindo Jaya Tbk.,15 Sep 2020,896709596,Akselerasi,active,
PLAS,PLAS.JK,Polaris Investama Tbk,16 Mar 2001,1184200000,Pemantauan Khusus,special_monitoring,
PLIN,PLIN.JK,Plaza Indonesia Realty Tbk.,15 Jun 1992,3550000000,Pemantauan Khusus,special_monitoring,
PMJS,PMJS.JK,Putra Mandiri Jembar Tbk.,18 Des 2019,13755600000,Pengembangan,active,
PMMP,PMMP.JK,Panca Mitra Multiperdana Tbk.,18 Des 2020,2588300000,Pemantauan Khusus,special_monitoring,
PMUI,PMUI.JK,Prima Multi Usaha Indonesia Tb,10 Jul 2025,5800000000,Pengembangan,active,
PNBN,PNBN.JK,Bank Pan Indonesia Tbk,29 Des 1982,23837645998,Utama,active,
PNBS,PNBS.JK,Bank Panin Dubai Syariah Tbk.,15 Jan 2014,38425504906,Pengembangan,active,
PNGO,PNGO.JK,Pinago Utama Tbk.,31 Agt 2020,781250000,Utama,active,
PNIN,PNIN.JK,Paninvest Tbk.,20 Sep 1983,4068323920,Utama,active,
PNLF,PNLF.JK,Panin Financial Tbk.,14 Jun 1983,32022073293,Utama,active,
PNSE,PNSE.JK,Pudjiadi & Sons Tbk.,01 Mei 1990,797813496,Pengembangan,active,
POLA,POLA.JK,Pool Advista Finance Tbk.,16 Nov 2018,3351075600,Pengembangan,active,
POLI,POLI.JK,Pollux Hotels Group Tbk.,10 Jan 2019,2010526400,Pengembangan,active,
POLL,POLL.JK,Pollux Properties Indonesia Tb,11 Jul 2018,8318823600,Pemantauan Khusus,special_monitoring,
POLU,POLU.JK,Golden Flower Tbk.,26 Jun 2019,750000000,Pengembangan,active,
POLY,POLY.JK,Asia Pacific Fibers Tbk,12 Mar 1991,2495753334,Pemantauan Khusus,special_monitoring,
POOL,POOL.JK,Pool Advista Indonesia Tbk.,20 Mei 1991,2341366264,Pemantauan Khusus,special_monitoring,
PORT,PORT.JK,Nusantara Pelabuhan Handal Tbk,16 Mar 2017,2813941985,Pengembangan,active,
POSA,POSA.JK,Bliss Properti Indonesia Tbk.,10 Mei 2019,8388870206,Pemantauan Khusus,special_monitoring,
POWR,POWR.JK,Cikarang Listrindo Tbk.,14 Jun 2016,16087156000,Utama,active,
PPGL,PPGL.JK,Prima Globalindo Logistik Tbk.,20 Jul 2020,771178020,Akselerasi,active,
PPRE,PPRE.JK,PP Presisi Tbk.,24 Nov 2017,10224271000,Pengembangan,active,
PPRI,PPRI.JK,Paperocks Indonesia Tbk.,08 Agt 2023,1075027288,Pengembangan,active,
PPRO,PPRO.JK,PP Properti Tbk.,19 Mei 2015,61675671883,Pemantauan Khusus,special_monitoring,
PRAY,PRAY.JK,Famon Awal Bros Sedaya Tbk.,08 Nov 2022,13959422300,Pengembangan,active,
PRDA,PRDA.JK,Prodia Widyahusada Tbk.,07 Des 2016,937500000,Utama,active,
PRIM,PRIM.JK,Royal Prima Tbk.,15 Mei 2018,3393434905,Pengembangan,active,
PSAB,PSAB.JK,J Resources Asia Pasifik Tbk.,22 Apr 2003,26460000000,Pengembangan,active,
PSAT,PSAT.JK,Pancaran Samudera Transport Tb,08 Jul 2025,1482353000,Utama,active,
PSDN,PSDN.JK,Prasidha Aneka Niaga Tbk,18 Okt 1994,1440000000,Pengembangan,active,
PSGO,PSGO.JK,Palma Serasih Tbk.,25 Nov 2019,18850000000,Utama,active,
PSKT,PSKT.JK,Red Planet Indonesia Tbk.,19 Sep 1995,10351231636,Pengembangan,active,
PSSI,PSSI.JK,IMC Pelita Logistik Tbk.,05 Des 2017,5417063153,Utama,active,
PTBA,PTBA.JK,Bukit Asam (Persero) Tbk.,23 Des 2002,11520659250,Utama,active,
PTDU,PTDU.JK,Djasa Ubersakti Tbk.,08 Des 2020,1500000000,Pemantauan Khusus,special_monitoring,
PTIS,PTIS.JK,Indo Straits Tbk.,12 Jul 2011,550165300,Pengembangan,active,
PTMP,PTMP.JK,Mitra Pack Tbk.,06 Mar 2023,3169200000,Pengembangan,active,
PTMR,PTMR.JK,Master Print Tbk.,08 Okt 2024,1907000000,Pemantauan Khusus,special_monitoring,
PTPP,PTPP.JK,PP (Persero) Tbk.,09 Feb 2010,6199897354,Utama,active,
PTPS,PTPS.JK,Pulau Subur Tbk.,09 Okt 2023,2167514856,Pengembangan,active,
PTPW,PTPW.JK,Pratama Widya Tbk.,07 Feb 2020,878187500,Pengembangan,active,
PTRO,PTRO.JK,Petrosea Tbk.,21 Mei 1990,10086050000,Utama,active,
PTSN,PTSN.JK,Sat Nusapersada Tbk,08 Nov 2007,5314344000,Pengembangan,active,
PTSP,PTSP.JK,Pioneerindo Gourmet Internatio,30 Mei 1994,220808000,Pengembangan,active,
PUDP,PUDP.JK,Pudjiadi Prestige Tbk.,18 Nov 1994,659120000,Pengembangan,active,
PURA,PURA.JK,Putra Rajawali Kencana Tbk.,29 Jan 2020,6301930902,Pemantauan Khusus,special_monitoring,
PURE,PURE.JK,Trinitan Metals and Minerals T,09 Okt 2019,1375181505,Pemantauan Khusus,special_monitoring,
PURI,PURI.JK,Puri Global Sukses Tbk.,08 Sep 2020,1000000000,Pengembangan,active,
PWON,PWON.JK,Pakuwon Jati Tbk.,09 Okt 1989,48159602400,Utama,active,
PYFA,PYFA.JK,Pyridam Farma Tbk,16 Okt 2001,11236694515,Pengembangan,active,
PZZA,PZZA.JK,Sarimelati Kencana Tbk.,23 Mei 2018,3021875000,Pengembangan,active,
RAAM,RAAM.JK,Tripar Multivision Plus Tbk.,08 Mei 2023,6813620000,Utama,active,
RAFI,RAFI.JK,Sari Kreasi Boga Tbk.,05 Agt 2022,3128140475,Pemantauan Khusus,special_monitoring,
RAJA,RAJA.JK,Rukun Raharja Tbk.,19 Apr 2006,4227082500,Utama,active,
RALS,RALS.JK,Ramayana Lestari Sentosa Tbk.,24 Jul 1996,7096000000,Utama,active,
RANC,RANC.JK,Supra Boga Lestari Tbk.,07 Jun 2012,1564487500,Pengembangan,active,
RATU,RATU.JK,Raharja Energi Cepu Tbk.,08 Jan 2025,2715053800,Pengembangan,active,
RBMS,RBMS.JK,Ristia Bintang Mahkotasejati T,19 Des 1997,2656212826,Pemantauan Khusus,special_monitoring,
RCCC,RCCC.JK,Utama Radar Cahaya Tbk.,02 Agt 2022,787500000,Akselerasi,active,
RDTX,RDTX.JK,Roda Vivatex Tbk,14 Mei 1990,268800000,Pengembangan,active,
REAL,REAL.JK,Repower Asia Indonesia Tbk.,06 Des 2019,6633610151,Pengembangan,active,
RELF,RELF.JK,Graha Mitra Asia Tbk.,22 Jun 2023,5727832195,Akselerasi,active,
RELI,RELI.JK,Reliance Sekuritas Indonesia T,13 Jul 2005,1800000000,Pengembangan,active,
RGAS,RGAS.JK,Kian Santang Muliatama Tbk.,08 Nov 2023,1459234110,Pengembangan,active,
RICY,RICY.JK,Ricky Putra Globalindo Tbk,22 Jan 1998,641717510,Pengembangan,active,
RIGS,RIGS.JK,Rig Tenders Indonesia Tbk.,05 Mar 1990,609130000,Pengembangan,active,
RIMO,RIMO.JK,Rimo International Lestari Tbk,10 Nov 2000,45080600000,Pemantauan Khusus,special_monitoring,
RISE,RISE.JK,Jaya Sukses Makmur Sentosa Tbk,09 Jul 2018,16198599990,Pengembangan,active,
RLCO,RLCO.JK,Abadi Lestari Indonesia Tbk.,08 Des 2025,3125000000,Pengembangan,active,
RMKE,RMKE.JK,RMK Energy Tbk.,07 Des 2021,4375000000,Utama,active,
RMKO,RMKO.JK,Royaltama Mulia Kontraktorindo,31 Jul 2023,1250000000,Pengembangan,active,
ROCK,ROCK.JK,Rockfields Properti Indonesia,10 Sep 2020,1435185100,Pengembangan,active,
RODA,RODA.JK,Pikko Land Development Tbk.,22 Okt 2001,13592128209,Pengembangan,active,
RONY,RONY.JK,Aracord Nusantara Group Tbk.,09 Apr 2020,1250000000,Pengembangan,active,
ROTI,ROTI.JK,Nippon Indosari Corpindo Tbk.,28 Jun 2010,6186488888,Pengembangan,active,
RSCH,RSCH.JK,Charlie Hospital Semarang Tbk.,28 Agt 2023,2650000000,Pengembangan,active,
RSGK,RSGK.JK,Kedoya Adyaraya Tbk.,08 Sep 2021,929675000,Pemantauan Khusus,special_monitoring,
RUIS,RUIS.JK,Radiant Utama Interinsco Tbk.,12 Jul 2006,770000000,Pengembangan,active,
RUNS,RUNS.JK,Global Sukses Solusi Tbk.,08 Sep 2021,983557875,Akselerasi,active,
SAFE,SAFE.JK,Steady Safe Tbk,15 Agt 1994,821207512,Pengembangan,active,
SAGE,SAGE.JK,Saptausaha Gemilangindah Tbk.,08 Mar 2023,8033527260,Pemantauan Khusus,special_monitoring,
SAME,SAME.JK,Sarana Meditama Metropolitan T,11 Jan 2013,17164632545,Utama,active,
SAMF,SAMF.JK,Saraswanti Anugerah Makmur Tbk,31 Mar 2020,10250000000,Utama,active,
SAPX,SAPX.JK,Satria Antaran Prima Tbk.,03 Okt 2018,833333300,Pengembangan,active,
SATU,SATU.JK,Kota Satu Properti Tbk.,05 Nov 2018,1375000000,Pengembangan,active,
SBAT,SBAT.JK,Sejahtera Bintang Abadi Textil,08 Apr 2020,4752982378,Pemantauan Khusus,special_monitoring,
SBMA,SBMA.JK,Surya Biru Murni Acetylene Tbk,08 Sep 2021,929926282,Pengembangan,active,
SCCO,SCCO.JK,Supreme Cable Manufacturing &,20 Jul 1982,822333600,Pengembangan,active,
SCMA,SCMA.JK,Surya Citra Media Tbk.,16 Jul 2002,73970569505,Utama,active,
SCNP,SCNP.JK,Selaras Citra Nusantara Perkas,07 Sep 2020,2500000000,Pengembangan,active,
SCPI,SCPI.JK,Organon Pharma Indonesia Tbk.,08 Jun 1990,3600000,Pemantauan Khusus,special_monitoring,
SDMU,SDMU.JK,Sidomulyo Selaras Tbk.,12 Jul 2011,2250691100,Pengembangan,active,
SDPC,SDPC.JK,Millennium Pharmacon Internati,07 Mei 1990,1274000000,Pengembangan,active,
SDRA,SDRA.JK,Bank Woori Saudara Indonesia 1,15 Des 2006,14545267990,Pengembangan,active,
SEMA,SEMA.JK,Semacom Integrated Tbk.,10 Jan 2022,1347258842,Pengembangan,active,
SFAN,SFAN.JK,Surya Fajar Capital Tbk.,19 Jun 2019,1359934021,Pengembangan,active,
SGER,SGER.JK,Sumber Global Energy Tbk.,10 Agt 2020,15586909438,Utama,active,
SGRO,SGRO.JK,Prime Agri Resources Tbk.,18 Jun 2007,1818622000,Utama,active,
SHID,SHID.JK,Hotel Sahid Jaya International,08 Mei 1990,1119326168,Pengembangan,active,
SHIP,SHIP.JK,Sillo Maritime Perdana Tbk.,16 Jun 2016,2719790000,Utama,active,
SICO,SICO.JK,Sigma Energy Compressindo Tbk.,08 Apr 2022,910077764,Pengembangan,active,
SIDO,SIDO.JK,Industri Jamu dan Farmasi Sido,18 Des 2013,30000000000,Utama,active,
SILO,SILO.JK,Siloam International Hospitals,12 Sep 2013,13006125000,Utama,active,
SIMA,SIMA.JK,Siwani Makmur Tbk,03 Jun 1994,442589871,Pemantauan Khusus,special_monitoring,
SIMP,SIMP.JK,Salim Ivomas Pratama Tbk.,09 Jun 2011,15501310000,Utama,active,
SINI,SINI.JK,Singaraja Putra Tbk.,08 Nov 2019,481000000,Pemantauan Khusus,special_monitoring,
SIPD,SIPD.JK,Sreeya Sewu Indonesia Tbk.,27 Des 1996,1839102056,Pengembangan,active,
SKBM,SKBM.JK,Sekar Bumi Tbk.,28 Sep 2012,1730103217,Pengembangan,active,
SKLT,SKLT.JK,Sekar Laut Tbk.,08 Sep 1993,6907405000,Pengembangan,active,
SKRN,SKRN.JK,Superkrane Mitra Utama Tbk.,11 Okt 2018,7500000000,Utama,active,
SKYB,SKYB.JK,Northcliff Citranusa Indonesia,07 Jul 2010,585000000,Pemantauan Khusus,special_monitoring,
SLIS,SLIS.JK,Gaya Abadi Sempurna Tbk.,07 Okt 2019,2463339599,Pengembangan,active,
SMAR,SMAR.JK,Sinar Mas Agro Resources and T,20 Nov 1992,2872193366,Utama,active,
SMBR,SMBR.JK,Semen Baturaja (Persero) Tbk.,28 Jun 2013,9932534336,Utama,active,
SMCB,SMCB.JK,Solusi Bangun Indonesia Tbk.,10 Agt 1977,9019381973,Pemantauan Khusus,special_monitoring,
SMDM,SMDM.JK,Suryamas Dutamakmur Tbk.,12 Okt 1995,4772138237,Pengembangan,active,
SMDR,SMDR.JK,Samudera Indonesia  Tbk.,05 Jul 1999,16375600000,Utama,active,
SMGA,SMGA.JK,Sumber Mineral Global Abadi Tb,30 Jan 2024,8750000000,Pengembangan,active,
SMGR,SMGR.JK,Semen Indonesia (Persero) Tbk.,08 Jul 1991,6751540089,Utama,active,
SMIL,SMIL.JK,Sarana Mitra Luas Tbk.,12 Mei 2023,8751668239,Utama,active,
SMKL,SMKL.JK,Satyamitra Kemas Lestari Tbk.,11 Jul 2019,3418085290,Pengembangan,active,
SMKM,SMKM.JK,Sumber Mas Konstruksi Tbk.,09 Mar 2022,1253000000,Akselerasi,active,
SMLE,SMLE.JK,Sinergi Multi Lestarindo Tbk.,10 Jan 2024,2328153048,Pengembangan,active,
SMMA,SMMA.JK,Sinarmas Multiartha Tbk.,05 Jul 1995,6367664717,Utama,active,
SMMT,SMMT.JK,Golden Eagle Energy Tbk.,01 Des 1997,3425000000,Pengembangan,active,
SMRA,SMRA.JK,Summarecon Agung Tbk.,07 Mei 1990,16508568358,Utama,active,
SMRU,SMRU.JK,SMR Utama Tbk.,10 Okt 2011,12499385782,Pemantauan Khusus,special_monitoring,
SMSM,SMSM.JK,Selamat Sempurna Tbk.,09 Sep 1996,5758675440,Utama,active,
SNLK,SNLK.JK,Sunter Lakeside Hotel Tbk.,29 Mar 2021,450000000,Pengembangan,active,
SOCI,SOCI.JK,Soechi Lines Tbk.,03 Des 2014,7059000000,Pengembangan,active,
SOFA,SOFA.JK,Solusi Environment Asia Tbk.,07 Jul 2020,1653574499,Akselerasi,active,
SOHO,SOHO.JK,Soho Global Health Tbk.,08 Sep 2020,12691682390,Pengembangan,active,
SOLA,SOLA.JK,Xolare RCR Energy Tbk.,08 Mei 2024,3287375000,Pengembangan,active,
SONA,SONA.JK,Sona Topas Tourism Industry Tb,21 Jul 1992,662400000,Pengembangan,active,
SOSS,SOSS.JK,Shield On Service Tbk.,06 Nov 2018,974525743,Pemantauan Khusus,special_monitoring,
SOTS,SOTS.JK,Satria Mega Kencana Tbk.,10 Des 2018,1000003979,Pengembangan,active,
SOUL,SOUL.JK,Mitra Tirta Buwana Tbk.,06 Jan 2023,1082526223,Akselerasi,active,
SPMA,SPMA.JK,Suparma Tbk.,16 Nov 1994,4100317438,Pengembangan,active,
SPRE,SPRE.JK,Soraya Berjaya Indonesia Tbk.,03 Jul 2024,800000000,Akselerasi,active,
SPTO,SPTO.JK,Surya Pertiwi Tbk.,14 Mei 2018,2700000000,Utama,active,
SQMI,SQMI.JK,Wilton Makmur Indonesia Tbk.,15 Jul 2004,15537591429,Pemantauan Khusus,special_monitoring,
SRAJ,SRAJ.JK,Sejahteraraya Anugrahjaya Tbk.,11 Apr 2011,12238959990,Pengembangan,active,
SRIL,SRIL.JK,Sri Rejeki Isman Tbk.,17 Jun 2013,20452176844,Pemantauan Khusus,special_monitoring,
SRSN,SRSN.JK,Indo Acidatama Tbk,11 Jan 1993,6020000000,Pengembangan,active,
SRTG,SRTG.JK,Saratoga Investama Sedaya Tbk.,26 Jun 2013,13564835000,Utama,active,
SSIA,SSIA.JK,Surya Semesta Internusa Tbk.,27 Mar 1997,4705249440,Utama,active,
SSMS,SSMS.JK,Sawit Sumbermas Sarana Tbk.,12 Des 2013,9525000000,Utama,active,
SSTM,SSTM.JK,Sunson Textile Manufacture Tbk,20 Agt 1997,1170909181,Pengembangan,active,
STAA,STAA.JK,Sumber Tani Agung Resources Tb,10 Mar 2022,10903372600,Utama,active,
STAR,STAR.JK,Calculus Global Ventures Tbk.,13 Jul 2011,4800000602,Pengembangan,active,
STRK,STRK.JK,Lovina Beach Brewery Tbk.,10 Okt 2023,10721835562,Pengembangan,active,
STTP,STTP.JK,Siantar Top Tbk.,16 Des 1996,1310000000,Pengembangan,active,
SUGI,SUGI.JK,Sugih Energy Tbk.,19 Jun 2002,24811541414,Pemantauan Khusus,special_monitoring,
SULI,SULI.JK,SLJ Global Tbk.,21 Mar 1994,6320776836,Pengembangan,active,
SUNI,SUNI.JK,Sunindo Pratama Tbk.,09 Jan 2023,2500000000,Utama,active,
SUPA,SUPA.JK,Super Bank Indonesia Tbk.,17 Des 2025,33558047450,Pengembangan,active,
SUPR,SUPR.JK,Solusi Tunas Pratama Tbk.,11 Okt 2011,1137579698,Pemantauan Khusus,special_monitoring,
SURE,SURE.JK,Super Energy Tbk.,05 Okt 2018,1497576771,Pengembangan,active,
SURI,SURI.JK,Maja Agung Latexindo Tbk.,07 Des 2023,6334375000,Pengembangan,active,
SWAT,SWAT.JK,Sriwahana Adityakarta Tbk.,08 Jun 2018,3019200000,Pemantauan Khusus,special_monitoring,
SWID,SWID.JK,Saraswanti Indoland Developmen,07 Jul 2022,5385019201,Pengembangan,active,
TALF,TALF.JK,Tunas Alfin Tbk.,17 Jan 2014,1353435000,Pengembangan,active,
TAMA,TAMA.JK,Lancartama Sejati Tbk.,10 Feb 2020,1200000696,Pemantauan Khusus,special_monitoring,
TAMU,TAMU.JK,Pelayaran Tamarin Samudra Tbk.,10 Mei 2017,37500000000,Pemantauan Khusus,special_monitoring,
TAPG,TAPG.JK,Triputra Agro Persada Tbk.,12 Apr 2021,19852540000,Utama,active,
TARA,TARA.JK,Agung Semesta Sejahtera Tbk.,11 Jul 2014,10069645750,Pemantauan Khusus,special_monitoring,
TAXI,TAXI.JK,Express Transindo Utama Tbk.,02 Nov 2012,10223647156,Pemantauan Khusus,special_monitoring,
TAYS,TAYS.JK,Jaya Swarasa Agung Tbk.,06 Des 2021,1098920000,Pengembangan,active,
TBIG,TBIG.JK,Tower Bersama Infrastructure T,26 Okt 2010,22656999445,Utama,active,
TBLA,TBLA.JK,Tunas Baru Lampung Tbk.,14 Feb 2000,6025373372,Utama,active,
TBMS,TBMS.JK,Tembaga Mulia Semanan Tbk.,23 Mei 1990,734680000,Pengembangan,active,
TCID,TCID.JK,Mandom Indonesia Tbk.,30 Sep 1993,402133334,Pengembangan,active,
TCPI,TCPI.JK,Transcoal Pacific Tbk.,06 Jul 2018,5000000000,Pengembangan,active,
TDPM,TDPM.JK,Tianrong Chemicals Industry Tb,09 Apr 2018,10485050500,Pemantauan Khusus,special_monitoring,
TEBE,TEBE.JK,Dana Brata Luhur Tbk.,18 Nov 2019,1285000000,Utama,active,
TECH,TECH.JK,Indosterling Technomedia Tbk.,04 Jun 2020,1256300000,Pemantauan Khusus,special_monitoring,
TELE,TELE.JK,Omni Inovasi Indonesia Tbk.,12 Jan 2012,7310929389,Pemantauan Khusus,special_monitoring,
TFAS,TFAS.JK,Telefast Indonesia Tbk.,17 Sep 2019,1666666500,Pengembangan,active,
TFCO,TFCO.JK,Tifico Fiber Indonesia Tbk.,26 Feb 1980,4823076400,Pemantauan Khusus,special_monitoring,
TGKA,TGKA.JK,Tigaraksa Satria Tbk.,11 Jun 1990,918492750,Pengembangan,active,
TGRA,TGRA.JK,Terregra Asia Energy Tbk.,16 Mei 2017,2750000000,Pemantauan Khusus,special_monitoring,
TGUK,TGUK.JK,Platinum Wahab Nusantara Tbk.,10 Jul 2023,3571451815,Pemantauan Khusus,special_monitoring,
TIFA,TIFA.JK,KDB Tifa Finance Tbk.,08 Jul 2011,3552213000,Pengembangan,active,
TINS,TINS.JK,Timah Tbk.,19 Okt 1995,7447753454,Utama,active,
TIRA,TIRA.JK,Tira Austenite Tbk,27 Jul 1993,588000000,Pengembangan,active,
TIRT,TIRT.JK,Tirta Mahakam Resources Tbk,13 Des 1999,1011774750,Pemantauan Khusus,special_monitoring,
TKIM,TKIM.JK,Pabrik Kertas Tjiwi Kimia Tbk.,03 Apr 1990,3113223570,Utama,active,
TLDN,TLDN.JK,Teladan Prima Agro Tbk.,12 Apr 2022,12946530200,Pengembangan,active,
TLKM,TLKM.JK,Telkom Indonesia (Persero) Tbk,14 Nov 1995,99062216600,Utama,active,
TMAS,TMAS.JK,Temas Tbk.,09 Jul 2003,57051500000,Utama,active,
TMPO,TMPO.JK,Tempo Intimedia Tbk.,08 Jan 2001,1058333250,Pengembangan,active,
TNCA,TNCA.JK,Trimuda Nuansa Citra Tbk.,28 Jun 2018,421640000,Pengembangan,active,
TOBA,TOBA.JK,TBS Energi Utama Tbk.,06 Jul 2012,8257402931,Utama,active,
TOOL,TOOL.JK,Rohartindo Nusantara Luas Tbk.,09 Agt 2022,2050020320,Pengembangan,active,
TOPS,TOPS.JK,Totalindo Eka Persada Tbk.,16 Jun 2017,33330000000,Pemantauan Khusus,special_monitoring,
TOSK,TOSK.JK,Topindo Solusi Komunika Tbk.,07 Feb 2024,4375277300,Pengembangan,active,
TOTL,TOTL.JK,Total Bangun Persada Tbk.,25 Jul 2006,3410000000,Utama,active,
TOTO,TOTO.JK,Surya Toto Indonesia Tbk.,30 Okt 1990,10320000000,Pengembangan,active,
TOWR,TOWR.JK,Sarana Menara Nusantara Tbk.,08 Mar 2010,59098103731,Utama,active,
TOYS,TOYS.JK,Sunindo Adipersada Tbk.,06 Agt 2020,1435000712,Pemantauan Khusus,special_monitoring,
TPIA,TPIA.JK,Chandra Asri Pacific Tbk.,26 Mei 2008,86511545092,Pengembangan,active,
TPMA,TPMA.JK,Trans Power Marine Tbk.,20 Feb 2013,3507420034,Utama,active,
TRAM,TRAM.JK,Trada Alam Minera Tbk.,10 Sep 2008,49643627934,Pemantauan Khusus,special_monitoring,
TRGU,TRGU.JK,Cerestar Indonesia Tbk.,08 Jul 2022,7945412700,Utama,active,
TRIL,TRIL.JK,Triwira Insanlestari Tbk.,28 Jan 2008,1200000000,Pemantauan Khusus,special_monitoring,
TRIM,TRIM.JK,Trimegah Sekuritas Indonesia T,31 Jan 2000,7109300000,Utama,active,
TRIN,TRIN.JK,Perintis Triniti Properti Tbk.,15 Jan 2020,4551457789,Pengembangan,active,
TRIO,TRIO.JK,Trikomsel Oke Tbk.,14 Apr 2009,26007494645,Pemantauan Khusus,special_monitoring,
TRIS,TRIS.JK,Trisula International Tbk.,28 Jun 2012,3141443831,Pengembangan,active,
TRJA,TRJA.JK,Transkon Jaya Tbk.,27 Agt 2020,1510200000,Pengembangan,active,
TRON,TRON.JK,Teknologi Karya Digital Nusa T,08 Mar 2023,2951328448,Pengembangan,active,
TRST,TRST.JK,Trias Sentosa Tbk.,02 Jul 1990,2808000000,Pengembangan,active,
TRUE,TRUE.JK,Triniti Dinamik Tbk.,10 Jun 2021,7571107860,Pengembangan,active,
TRUK,TRUK.JK,Guna Timur Raya Tbk.,23 Mei 2018,435000000,Pengembangan,active,
TRUS,TRUS.JK,Trust Finance Indonesia Tbk,28 Nov 2002,800000000,Pengembangan,active,
TSPC,TSPC.JK,Tempo Scan Pacific Tbk.,17 Jun 1994,4509864300,Utama,active,
TUGU,TUGU.JK,Asuransi Tugu Pratama Indonesi,28 Mei 2018,3555575600,Utama,active,
TYRE,TYRE.JK,King Tire Indonesia Tbk.,08 Mei 2023,3480581727,Pengembangan,active,
UANG,UANG.JK,Pakuan Tbk.,06 Jul 2020,1210000000,Pengembangan,active,
UCID,UCID.JK,Uni-Charm Indonesia Tbk.,20 Des 2019,4156572300,Utama,active,
UDNG,UDNG.JK,Agro Bahari Nusantara Tbk.,31 Okt 2023,1750040072,Pemantauan Khusus,special_monitoring,
UFOE,UFOE.JK,Damai Sejahtera Abadi Tbk.,01 Feb 2021,2898261693,Pengembangan,active,
ULTJ,ULTJ.JK,Ultrajaya Milk Industry & Trad,02 Jul 1990,10398175200,Utama,active,
UNIC,UNIC.JK,Unggul Indah Cahaya Tbk.,06 Nov 1989,383331363,Utama,active,
UNIQ,UNIQ.JK,Ulima Nitra Tbk.,08 Mar 2021,3138983000,Utama,active,
UNIT,UNIT.JK,Nusantara Inti Corpora Tbk,18 Apr 2002,75422200,Pengembangan,active,
UNSP,UNSP.JK,Bakrie Sumatera Plantations Tb,06 Mar 1990,2500162344,Pemantauan Khusus,special_monitoring,
UNTD,UNTD.JK,Terang Dunia Internusa Tbk.,07 Feb 2024,6666666700,Pengembangan,active,
UNTR,UNTR.JK,United Tractors Tbk.,19 Sep 1989,3730135136,Utama,active,
UNVR,UNVR.JK,Unilever Indonesia Tbk.,11 Jan 1982,38150000000,Utama,active,
URBN,URBN.JK,Urban Jakarta Propertindo Tbk.,10 Des 2018,3232122640,Pengembangan,active,
UVCR,UVCR.JK,Trimegah Karya Pratama Tbk.,27 Jul 2021,2000144838,Pengembangan,active,
VAST,VAST.JK,Vastland Indonesia Tbk.,08 Feb 2023,3055737049,Pengembangan,active,
VERN,VERN.JK,Verona Indah Pictures Tbk.,08 Okt 2024,4765648183,Pengembangan,active,
VICI,VICI.JK,Victoria Care Indonesia Tbk.,17 Des 2020,6708000000,Utama,active,
VICO,VICO.JK,Victoria Investama Tbk.,08 Jul 2013,15217075658,Utama,active,
VINS,VINS.JK,Victoria Insurance Tbk.,28 Sep 2015,1553430759,Pengembangan,active,
VISI,VISI.JK,Satu Visi Putra Tbk.,27 Feb 2024,3075000000,Pengembangan,active,
VIVA,VIVA.JK,Visi Media Asia Tbk.,21 Nov 2011,16464270400,Pemantauan Khusus,special_monitoring,
VKTR,VKTR.JK,VKTR Teknologi Mobilitas Tbk.,19 Jun 2023,43750000000,Pengembangan,active,
VOKS,VOKS.JK,Voksel Electric Tbk.,20 Des 1990,4155602595,Pengembangan,active,
VRNA,VRNA.JK,Mizuho Leasing Indonesia Tbk.,25 Jun 2008,5687353997,Pengembangan,active,
VTNY,VTNY.JK,Venteny Fortuna International,15 Des 2022,6265193445,Pengembangan,active,
WAPO,WAPO.JK,Wahana Pronatural Tbk.,22 Jun 2001,1240923111,Pengembangan,active,
WBSA,WBSA.JK,BSA Logistics Indonesia Tbk.,10 Apr 2026,8675000000,Pengembangan,active,
WEGE,WEGE.JK,Wijaya Karya Bangunan Gedung T,30 Nov 2017,9572000000,Pengembangan,active,
WEHA,WEHA.JK,WEHA Transportasi Indonesia Tb,31 Mei 2007,1460554819,Pengembangan,active,
WGSH,WGSH.JK,Wira Global Solusi Tbk.,06 Des 2021,1042500000,Akselerasi,active,
WICO,WICO.JK,Wicaksana Overseas Internation,08 Agt 1994,2393710348,Pemantauan Khusus,special_monitoring,
WIDI,WIDI.JK,Widiant Jaya Krenindo Tbk.,10 Jul 2023,1600031683,Akselerasi,active,
WIFI,WIFI.JK,Solusi Sinergi Digital Tbk.,30 Des 2020,5308549015,Pengembangan,active,
WIIM,WIIM.JK,Wismilak Inti Makmur Tbk.,18 Des 2012,2099873760,Utama,active,
WIKA,WIKA.JK,Wijaya Karya (Persero) Tbk.,29 Okt 2007,39873063858,Pemantauan Khusus,special_monitoring,
WINE,WINE.JK,Hatten Bali Tbk.,10 Jan 2023,2710000000,Pengembangan,active,
WINR,WINR.JK,Winner Nusantara Jaya Tbk.,25 Apr 2022,5235316030,Pemantauan Khusus,special_monitoring,
WINS,WINS.JK,Wintermar Offshore Marine Tbk.,29 Nov 2010,4460988262,Utama,active,
WIRG,WIRG.JK,WIR ASIA Tbk.,04 Apr 2022,11938622394,Pengembangan,active,
WMPP,WMPP.JK,Widodo Makmur Perkasa Tbk.,06 Des 2021,29419000000,Pemantauan Khusus,special_monitoring,
WMUU,WMUU.JK,Widodo Makmur Unggas Tbk.,02 Feb 2021,12941176500,Utama,active,
WOMF,WOMF.JK,Wahana Ottomitra Multiartha Tb,13 Des 2004,3481481480,Pengembangan,active,
WOOD,WOOD.JK,Integra Indocabinet Tbk.,21 Jun 2017,6437500000,Utama,active,
WOWS,WOWS.JK,Ginting Jaya Energi Tbk.,08 Nov 2019,2475720000,Pengembangan,active,
WSBP,WSBP.JK,Waskita Beton Precast Tbk.,20 Sep 2016,56780478486,Pemantauan Khusus,special_monitoring,
WSKT,WSKT.JK,Waskita Karya (Persero) Tbk.,19 Des 2012,28806807016,Pemantauan Khusus,special_monitoring,
WTON,WTON.JK,Wijaya Karya Beton Tbk.,08 Apr 2014,8715466600,Utama,active,
YELO,YELO.JK,Yelooo Integra Datanet Tbk.,29 Okt 2018,1912774405,Pengembangan,active,
YOII,YOII.JK,Asuransi Digital Bersama Tbk.,08 Jan 2025,3424687500,Pengembangan,active,
YPAS,YPAS.JK,Yanaprima Hastapersada Tbk,05 Mar 2008,668000089,Pengembangan,active,
YULE,YULE.JK,Yulie Sekuritas Indonesia Tbk.,10 Des 2004,1785000000,Pengembangan,active,
YUPI,YUPI.JK,Yupi Indo Jelly Gum Tbk.,25 Mar 2025,8544488700,Utama,active,
ZATA,ZATA.JK,Bersama Zatta Jaya Tbk.,10 Nov 2022,8496000000,Pengembangan,active,
ZBRA,ZBRA.JK,Dosni Roha Indonesia Tbk.,01 Agt 1991,2510706263,Pemantauan Khusus,special_monitoring,
ZINC,ZINC.JK,Kapuas Prima Coal Tbk.,16 Okt 2017,25250000000,Pemantauan Khusus,special_monitoring,
ZONE,ZONE.JK,Mega Perintis Tbk.,12 Des 2018,870171478,Pengembangan,active,
ZYRX,ZYRX.JK,Zyrexindo Mandiri Buana Tbk.,30 Mar 2021,1333334556,Pengembangan,active,
